datetime,Distance_82,Distance_83
2024-07-05 04:05:57.028731,0.75,0.0
2024-07-05 04:05:57.043062,0.75,0.72
2024-07-05 04:05:57.152020,0.76,0.72
2024-07-05 04:05:57.166258,0.76,0.68
2024-07-05 04:05:57.274825,0.76,0.68
2024-07-05 04:05:57.288866,0.76,0.66
2024-07-05 04:05:57.520806,0.78,0.66
2024-07-05 04:05:57.535430,0.78,0.73
2024-07-05 04:05:57.643551,0.77,0.73
2024-07-05 04:05:57.657593,0.77,0.66
2024-07-05 04:05:57.767199,0.72,0.66
2024-07-05 04:05:57.781199,0.72,0.64
2024-07-05 04:05:57.890370,0.76,0.64
2024-07-05 04:05:57.904428,0.76,0.67
2024-07-05 04:05:58.013052,0.73,0.67
2024-07-05 04:05:58.027486,0.73,0.7
2024-07-05 04:05:58.136579,0.76,0.7
2024-07-05 04:05:58.150580,0.76,0.54
2024-07-05 04:05:58.258773,0.76,0.54
2024-07-05 04:05:58.272766,0.76,0.63
2024-07-05 04:05:58.381999,0.74,0.63
2024-07-05 04:05:58.396137,0.74,0.69
2024-07-05 04:05:58.505063,0.77,0.69
2024-07-05 04:05:58.519068,0.77,0.55
2024-07-05 04:05:58.628428,0.68,0.55
2024-07-05 04:05:58.641929,0.68,0.63
2024-07-05 04:05:58.750842,0.71,0.63
2024-07-05 04:05:58.764860,0.71,0.61
2024-07-05 04:05:58.873819,0.78,0.61
2024-07-05 04:05:58.887824,0.78,0.55
2024-07-05 04:05:58.996433,0.74,0.55
2024-07-05 04:05:59.010382,0.74,0.55
2024-07-05 04:05:59.119200,0.71,0.55
2024-07-05 04:05:59.133868,0.71,0.68
2024-07-05 04:05:59.243240,0.73,0.68
2024-07-05 04:05:59.257523,0.73,0.67
2024-07-05 04:05:59.366616,0.66,0.67
2024-07-05 04:05:59.380643,0.66,0.63
2024-07-05 04:05:59.734752,0.62,0.63
2024-07-05 04:05:59.748546,0.62,0.66
2024-07-05 04:05:59.858083,0.62,0.66
2024-07-05 04:05:59.872410,0.62,0.6
2024-07-05 04:05:59.981730,0.64,0.6
2024-07-05 04:05:59.994953,0.64,0.6
2024-07-05 04:06:00.103931,0.64,0.6
2024-07-05 04:06:00.117832,0.64,0.63
2024-07-05 04:06:00.226798,0.61,0.63
2024-07-05 04:06:00.240799,0.61,0.64
2024-07-05 04:06:00.350121,0.65,0.64
2024-07-05 04:06:00.364089,0.65,0.68
2024-07-05 04:06:00.473480,0.68,0.68
2024-07-05 04:06:00.486474,0.68,0.64
2024-07-05 04:06:00.595865,0.83,0.64
2024-07-05 04:06:00.609886,0.83,0.65
2024-07-05 04:06:00.718475,1.0,0.65
2024-07-05 04:06:00.732367,1.0,0.61
2024-07-05 04:06:00.842077,0.46,0.61
2024-07-05 04:06:00.855776,0.46,0.6
2024-07-05 04:06:00.964801,0.62,0.6
2024-07-05 04:06:00.978810,0.62,0.56
2024-07-05 04:06:01.087969,0.62,0.56
2024-07-05 04:06:01.101114,0.62,0.6
2024-07-05 04:06:01.211326,0.8,0.6
2024-07-05 04:06:01.224336,0.8,0.59
2024-07-05 04:06:01.333973,0.61,0.59
2024-07-05 04:06:01.347293,0.61,0.63
2024-07-05 04:06:01.456654,0.61,0.63
2024-07-05 04:06:01.471083,0.61,0.62
2024-07-05 04:06:01.580685,0.5,0.62
2024-07-05 04:06:01.593698,0.5,0.58
2024-07-05 04:06:01.702790,0.53,0.58
2024-07-05 04:06:01.716940,0.53,0.62
2024-07-05 04:06:01.826867,0.65,0.62
2024-07-05 04:06:01.840002,0.65,0.63
2024-07-05 04:06:01.948970,0.64,0.63
2024-07-05 04:06:01.962965,0.64,0.56
2024-07-05 04:06:02.318633,0.97,0.56
2024-07-05 04:06:02.331701,0.97,0.59
2024-07-05 04:06:02.440738,0.74,0.59
2024-07-05 04:06:02.454962,0.74,0.67
2024-07-05 04:06:02.564009,0.86,0.67
2024-07-05 04:06:02.577485,0.86,0.62
2024-07-05 04:06:02.687129,0.88,0.62
2024-07-05 04:06:02.700184,0.88,0.59
2024-07-05 04:06:02.809736,0.87,0.59
2024-07-05 04:06:02.823679,0.87,0.61
2024-07-05 04:06:02.932544,0.95,0.61
2024-07-05 04:06:02.946747,0.95,0.63
2024-07-05 04:06:03.055952,0.8,0.63
2024-07-05 04:06:03.069941,0.8,0.59
2024-07-05 04:06:03.178723,0.84,0.59
2024-07-05 04:06:03.192731,0.84,0.53
2024-07-05 04:06:03.301367,0.83,0.53
2024-07-05 04:06:03.315376,0.83,0.59
2024-07-05 04:06:03.424894,0.76,0.59
2024-07-05 04:06:03.439374,0.76,0.67
2024-07-05 04:06:03.547902,0.74,0.67
2024-07-05 04:06:03.561902,0.74,0.58
2024-07-05 04:06:03.670462,0.83,0.58
2024-07-05 04:06:03.684454,0.83,0.61
2024-07-05 04:06:03.794501,0.77,0.61
2024-07-05 04:06:03.808115,0.77,0.6
2024-07-05 04:06:03.916793,0.73,0.6
2024-07-05 04:06:03.930317,0.73,0.62
2024-07-05 04:06:04.039524,0.79,0.62
2024-07-05 04:06:04.053460,0.79,0.6
2024-07-05 04:06:04.162775,0.69,0.6
2024-07-05 04:06:04.176856,0.69,0.61
2024-07-05 04:06:04.286356,0.81,0.61
2024-07-05 04:06:04.300429,0.81,0.59
2024-07-05 04:06:04.409276,0.71,0.59
2024-07-05 04:06:04.422674,0.71,0.67
2024-07-05 04:06:04.532037,0.76,0.67
2024-07-05 04:06:04.546047,0.76,0.62
2024-07-05 04:06:04.900802,0.74,0.62
2024-07-05 04:06:04.914679,0.74,0.61
2024-07-05 04:06:05.023538,0.77,0.61
2024-07-05 04:06:05.038079,0.77,0.61
2024-07-05 04:06:05.147075,0.77,0.61
2024-07-05 04:06:05.161122,0.77,0.6
2024-07-05 04:06:05.269814,0.79,0.6
2024-07-05 04:06:05.283791,0.79,0.66
2024-07-05 04:06:05.392538,0.77,0.66
2024-07-05 04:06:05.406559,0.77,0.61
2024-07-05 04:06:05.516332,0.77,0.61
2024-07-05 04:06:05.529356,0.77,0.62
2024-07-05 04:06:05.639068,0.78,0.62
2024-07-05 04:06:05.652991,0.78,0.61
2024-07-05 04:06:05.761900,0.72,0.61
2024-07-05 04:06:05.775200,0.72,0.62
2024-07-05 04:06:05.884729,0.8,0.62
2024-07-05 04:06:05.898957,0.8,0.6
2024-07-05 04:06:06.007857,0.67,0.6
2024-07-05 04:06:06.021881,0.67,0.65
2024-07-05 04:06:06.130303,0.76,0.65
2024-07-05 04:06:06.144878,0.76,0.64
2024-07-05 04:06:06.253481,0.74,0.64
2024-07-05 04:06:06.267431,0.74,0.54
2024-07-05 04:06:06.376637,0.75,0.54
2024-07-05 04:06:06.390819,0.75,0.57
2024-07-05 04:06:06.499366,0.82,0.57
2024-07-05 04:06:06.513366,0.82,0.6
2024-07-05 04:06:06.622366,0.79,0.6
2024-07-05 04:06:06.636010,0.79,0.57
2024-07-05 04:06:06.746085,0.8,0.57
2024-07-05 04:06:06.759112,0.8,0.63
2024-07-05 04:06:06.868586,0.71,0.63
2024-07-05 04:06:06.882614,0.71,0.6
2024-07-05 04:06:06.991363,0.68,0.6
2024-07-05 04:06:07.005377,0.68,0.62
2024-07-05 04:06:07.114680,0.71,0.62
2024-07-05 04:06:07.128588,0.71,0.6
2024-07-05 04:06:07.484073,0.68,0.6
2024-07-05 04:06:07.498064,0.68,0.6
2024-07-05 04:06:07.606937,0.68,0.6
2024-07-05 04:06:07.619989,0.68,0.64
2024-07-05 04:06:07.729690,0.69,0.64
2024-07-05 04:06:07.743227,0.69,0.6
2024-07-05 04:06:07.853184,0.63,0.6
2024-07-05 04:06:07.867078,0.63,0.66
2024-07-05 04:06:07.976487,0.68,0.66
2024-07-05 04:06:07.989409,0.68,0.66
2024-07-05 04:06:08.098594,0.84,0.66
2024-07-05 04:06:08.112601,0.84,0.62
2024-07-05 04:06:08.221747,0.73,0.62
2024-07-05 04:06:08.235272,0.73,0.54
2024-07-05 04:06:08.345594,0.85,0.54
2024-07-05 04:06:08.358598,0.85,0.57
2024-07-05 04:06:08.467488,0.68,0.57
2024-07-05 04:06:08.481411,0.68,0.61
2024-07-05 04:06:08.604751,0.68,0.6
2024-07-05 04:06:08.727576,0.68,0.57
2024-07-05 04:06:08.836398,0.8,0.57
2024-07-05 04:06:08.850482,0.8,0.53
2024-07-05 04:06:08.973352,0.8,0.52
2024-07-05 04:06:09.096623,0.8,0.56
2024-07-05 04:06:09.328779,0.68,0.56
2024-07-05 04:06:09.342289,0.68,0.68
2024-07-05 04:06:09.451956,0.65,0.68
2024-07-05 04:06:09.465980,0.65,0.62
2024-07-05 04:06:09.575256,0.7,0.62
2024-07-05 04:06:09.588367,0.7,0.63
2024-07-05 04:06:09.697949,0.67,0.63
2024-07-05 04:06:09.712067,0.67,0.65
2024-07-05 04:06:10.067238,0.67,0.65
2024-07-05 04:06:10.081218,0.67,0.66
2024-07-05 04:06:10.189770,0.61,0.66
2024-07-05 04:06:10.203782,0.61,0.32
2024-07-05 04:06:10.313167,0.82,0.32
2024-07-05 04:06:10.326441,0.82,0.77
2024-07-05 04:06:10.435933,0.83,0.77
2024-07-05 04:06:10.450581,0.83,0.86
2024-07-05 04:06:10.559079,0.8,0.86
2024-07-05 04:06:10.573079,0.8,0.69
2024-07-05 04:06:10.682635,0.76,0.69
2024-07-05 04:06:10.695753,0.76,0.62
2024-07-05 04:06:10.804514,0.79,0.62
2024-07-05 04:06:10.818516,0.79,0.57
2024-07-05 04:06:10.927952,0.77,0.57
2024-07-05 04:06:10.941468,0.77,0.55
2024-07-05 04:06:11.050652,0.8,0.55
2024-07-05 04:06:11.064784,0.8,0.57
2024-07-05 04:06:11.173777,0.85,0.57
2024-07-05 04:06:11.187081,0.85,0.61
2024-07-05 04:06:11.297253,0.78,0.61
2024-07-05 04:06:11.310258,0.78,0.56
2024-07-05 04:06:11.419552,0.85,0.56
2024-07-05 04:06:11.433571,0.85,0.6
2024-07-05 04:06:11.542409,0.84,0.6
2024-07-05 04:06:11.556662,0.84,0.58
2024-07-05 04:06:11.666044,0.83,0.58
2024-07-05 04:06:11.679240,0.83,0.55
2024-07-05 04:06:11.788624,0.85,0.55
2024-07-05 04:06:11.802248,0.85,0.65
2024-07-05 04:06:11.911403,0.84,0.65
2024-07-05 04:06:11.925657,0.84,0.6
2024-07-05 04:06:12.035368,0.84,0.6
2024-07-05 04:06:12.048575,0.84,0.56
2024-07-05 04:06:12.157322,0.84,0.56
2024-07-05 04:06:12.171487,0.84,0.52
2024-07-05 04:06:12.281065,0.81,0.52
2024-07-05 04:06:12.295063,0.81,0.56
2024-07-05 04:06:12.649945,0.84,0.56
2024-07-05 04:06:12.663100,0.84,0.59
2024-07-05 04:06:12.772773,0.84,0.59
2024-07-05 04:06:12.786282,0.84,0.53
2024-07-05 04:06:12.895910,0.86,0.53
2024-07-05 04:06:12.910107,0.86,0.57
2024-07-05 04:06:13.019108,0.8,0.57
2024-07-05 04:06:13.033182,0.8,0.49
2024-07-05 04:06:13.142304,0.87,0.49
2024-07-05 04:06:13.155544,0.87,0.55
2024-07-05 04:06:13.264278,0.85,0.55
2024-07-05 04:06:13.278359,0.85,0.61
2024-07-05 04:06:13.388312,0.86,0.61
2024-07-05 04:06:13.402318,0.86,0.62
2024-07-05 04:06:13.511331,0.91,0.62
2024-07-05 04:06:13.524662,0.91,0.51
2024-07-05 04:06:13.634310,0.9,0.51
2024-07-05 04:06:13.648093,0.9,0.6
2024-07-05 04:06:13.757018,0.86,0.6
2024-07-05 04:06:13.771020,0.86,0.57
2024-07-05 04:06:13.879595,0.87,0.57
2024-07-05 04:06:13.893593,0.87,0.63
2024-07-05 04:06:14.003277,0.81,0.63
2024-07-05 04:06:14.017276,0.81,0.56
2024-07-05 04:06:14.125902,0.81,0.56
2024-07-05 04:06:14.139919,0.81,0.57
2024-07-05 04:06:14.248943,0.81,0.57
2024-07-05 04:06:14.262774,0.81,0.56
2024-07-05 04:06:14.371461,0.8,0.56
2024-07-05 04:06:14.385462,0.8,0.63
2024-07-05 04:06:14.495246,0.81,0.63
2024-07-05 04:06:14.509253,0.81,0.76
2024-07-05 04:06:14.617646,0.76,0.76
2024-07-05 04:06:14.631775,0.76,0.43
2024-07-05 04:06:14.740655,0.76,0.43
2024-07-05 04:06:14.755199,0.76,0.46
2024-07-05 04:06:14.864047,0.8,0.46
2024-07-05 04:06:14.877049,0.8,0.47
2024-07-05 04:06:15.232727,0.73,0.47
2024-07-05 04:06:15.246255,0.73,0.54
2024-07-05 04:06:15.355796,0.75,0.54
2024-07-05 04:06:15.369788,0.75,0.58
2024-07-05 04:06:15.478158,0.73,0.58
2024-07-05 04:06:15.492158,0.73,0.54
2024-07-05 04:06:15.601671,0.77,0.54
2024-07-05 04:06:15.615673,0.77,0.52
2024-07-05 04:06:15.724503,0.71,0.52
2024-07-05 04:06:15.738572,0.71,0.56
2024-07-05 04:06:15.847359,0.7,0.56
2024-07-05 04:06:15.861064,0.7,0.53
2024-07-05 04:06:15.970313,0.66,0.53
2024-07-05 04:06:15.984354,0.66,0.57
2024-07-05 04:06:16.093024,0.66,0.57
2024-07-05 04:06:16.107024,0.66,0.59
2024-07-05 04:06:16.216014,0.69,0.59
2024-07-05 04:06:16.230819,0.69,0.55
2024-07-05 04:06:16.339380,0.72,0.55
2024-07-05 04:06:16.353597,0.72,0.57
2024-07-05 04:06:16.462318,0.69,0.57
2024-07-05 04:06:16.476324,0.69,0.61
2024-07-05 04:06:16.586096,0.72,0.61
2024-07-05 04:06:16.599427,0.72,0.58
2024-07-05 04:06:16.708757,0.68,0.58
2024-07-05 04:06:16.722765,0.68,0.56
2024-07-05 04:06:16.831874,0.69,0.56
2024-07-05 04:06:16.845034,0.69,0.55
2024-07-05 04:06:16.954105,0.66,0.55
2024-07-05 04:06:16.968112,0.66,0.54
2024-07-05 04:06:17.077865,0.76,0.54
2024-07-05 04:06:17.091865,0.76,0.56
2024-07-05 04:06:17.200382,0.7,0.56
2024-07-05 04:06:17.214395,0.7,0.61
2024-07-05 04:06:17.324245,0.64,0.61
2024-07-05 04:06:17.337504,0.64,0.56
2024-07-05 04:06:17.446872,0.69,0.56
2024-07-05 04:06:17.460202,0.69,0.6
2024-07-05 04:06:17.815632,0.75,0.6
2024-07-05 04:06:17.829921,0.75,0.61
2024-07-05 04:06:17.938955,0.68,0.61
2024-07-05 04:06:17.952766,0.68,0.57
2024-07-05 04:06:18.062325,0.71,0.57
2024-07-05 04:06:18.075257,0.71,0.57
2024-07-05 04:06:18.184588,0.69,0.57
2024-07-05 04:06:18.198951,0.69,0.57
2024-07-05 04:06:18.308088,0.68,0.57
2024-07-05 04:06:18.321246,0.68,0.57
2024-07-05 04:06:18.431112,0.68,0.57
2024-07-05 04:06:18.445117,0.68,0.58
2024-07-05 04:06:18.553634,0.68,0.58
2024-07-05 04:06:18.567627,0.68,0.63
2024-07-05 04:06:18.676800,0.69,0.63
2024-07-05 04:06:18.690981,0.69,0.58
2024-07-05 04:06:18.799354,0.68,0.58
2024-07-05 04:06:18.813372,0.68,0.48
2024-07-05 04:06:18.922469,0.64,0.48
2024-07-05 04:06:18.936485,0.64,0.53
2024-07-05 04:06:19.045962,0.68,0.53
2024-07-05 04:06:19.059479,0.68,0.51
2024-07-05 04:06:19.168236,0.73,0.51
2024-07-05 04:06:19.182568,0.73,0.54
2024-07-05 04:06:19.291488,0.69,0.54
2024-07-05 04:06:19.305486,0.69,0.58
2024-07-05 04:06:19.415185,0.67,0.58
2024-07-05 04:06:19.429138,0.67,0.59
2024-07-05 04:06:19.537161,0.65,0.59
2024-07-05 04:06:19.551303,0.65,0.5
2024-07-05 04:06:19.660853,0.69,0.5
2024-07-05 04:06:19.674367,0.69,0.47
2024-07-05 04:06:19.783612,0.66,0.47
2024-07-05 04:06:19.797634,0.66,0.53
2024-07-05 04:06:19.906435,0.69,0.53
2024-07-05 04:06:19.920814,0.69,0.54
2024-07-05 04:06:20.029929,0.71,0.54
2024-07-05 04:06:20.043900,0.71,0.53
2024-07-05 04:06:20.399030,0.66,0.53
2024-07-05 04:06:20.412014,0.66,0.54
2024-07-05 04:06:20.521719,0.69,0.54
2024-07-05 04:06:20.535750,0.69,0.59
2024-07-05 04:06:20.644814,0.49,0.59
2024-07-05 04:06:20.658505,0.49,0.77
2024-07-05 04:06:20.767239,0.56,0.77
2024-07-05 04:06:20.781398,0.56,0.54
2024-07-05 04:06:20.890855,0.74,0.54
2024-07-05 04:06:20.904517,0.74,0.53
2024-07-05 04:06:21.013227,0.81,0.53
2024-07-05 04:06:21.029463,0.81,0.46
2024-07-05 04:06:21.136279,0.79,0.46
2024-07-05 04:06:21.150290,0.79,0.5
2024-07-05 04:06:21.259693,0.77,0.5
2024-07-05 04:06:21.273795,0.77,0.47
2024-07-05 04:06:21.383293,0.77,0.47
2024-07-05 04:06:21.396287,0.77,0.54
2024-07-05 04:06:21.506165,0.74,0.54
2024-07-05 04:06:21.519553,0.74,0.46
2024-07-05 04:06:21.628969,0.76,0.46
2024-07-05 04:06:21.642429,0.76,0.53
2024-07-05 04:06:21.752347,0.75,0.53
2024-07-05 04:06:21.765552,0.75,0.52
2024-07-05 04:06:21.875024,0.73,0.52
2024-07-05 04:06:21.889018,0.73,0.53
2024-07-05 04:06:21.997559,0.74,0.53
2024-07-05 04:06:22.011820,0.74,0.5
2024-07-05 04:06:22.121397,0.74,0.5
2024-07-05 04:06:22.135417,0.74,0.44
2024-07-05 04:06:22.244497,0.69,0.44
2024-07-05 04:06:22.258525,0.69,0.57
2024-07-05 04:06:22.367833,0.71,0.57
2024-07-05 04:06:22.381216,0.71,0.5
2024-07-05 04:06:22.490306,0.68,0.5
2024-07-05 04:06:22.504641,0.68,0.54
2024-07-05 04:06:22.612608,0.74,0.54
2024-07-05 04:06:22.627616,0.74,0.46
2024-07-05 04:06:22.982388,0.72,0.46
2024-07-05 04:06:22.995502,0.72,0.48
2024-07-05 04:06:23.105582,0.72,0.48
2024-07-05 04:06:23.119763,0.72,0.49
2024-07-05 04:06:23.228012,0.77,0.49
2024-07-05 04:06:23.242030,0.77,0.48
2024-07-05 04:06:23.351323,0.77,0.48
2024-07-05 04:06:23.365065,0.77,0.5
2024-07-05 04:06:23.474283,0.69,0.5
2024-07-05 04:06:23.488431,0.69,0.48
2024-07-05 04:06:23.596895,0.75,0.48
2024-07-05 04:06:23.610861,0.75,0.47
2024-07-05 04:06:23.719470,0.78,0.47
2024-07-05 04:06:23.733460,0.78,0.52
2024-07-05 04:06:23.842831,0.75,0.52
2024-07-05 04:06:23.856717,0.75,0.43
2024-07-05 04:06:23.966168,0.68,0.43
2024-07-05 04:06:23.980632,0.68,0.5
2024-07-05 04:06:24.089418,0.75,0.5
2024-07-05 04:06:24.103411,0.75,0.53
2024-07-05 04:06:24.212759,0.71,0.53
2024-07-05 04:06:24.226759,0.71,0.4
2024-07-05 04:06:24.335279,0.68,0.4
2024-07-05 04:06:24.349289,0.68,0.46
2024-07-05 04:06:24.458224,0.77,0.46
2024-07-05 04:06:24.472230,0.77,0.53
2024-07-05 04:06:24.580771,0.72,0.53
2024-07-05 04:06:24.594768,0.72,0.44
2024-07-05 04:06:24.704396,0.72,0.44
2024-07-05 04:06:24.718456,0.72,0.46
2024-07-05 04:06:24.827474,0.77,0.46
2024-07-05 04:06:24.840291,0.77,0.5
2024-07-05 04:06:24.950153,0.74,0.5
2024-07-05 04:06:24.964680,0.74,0.5
2024-07-05 04:06:25.073677,0.68,0.5
2024-07-05 04:06:25.086710,0.68,0.48
2024-07-05 04:06:25.196621,0.7,0.48
2024-07-05 04:06:25.209712,0.7,0.45
2024-07-05 04:06:25.564529,0.73,0.45
2024-07-05 04:06:25.578622,0.73,0.48
2024-07-05 04:06:25.688360,0.73,0.48
2024-07-05 04:06:25.702517,0.73,0.5
2024-07-05 04:06:25.810923,0.76,0.5
2024-07-05 04:06:25.824915,0.76,0.51
2024-07-05 04:06:25.934830,0.76,0.51
2024-07-05 04:06:25.948294,0.76,0.51
2024-07-05 04:06:26.057755,0.76,0.51
2024-07-05 04:06:26.070755,0.76,0.47
2024-07-05 04:06:26.180074,0.76,0.47
2024-07-05 04:06:26.194238,0.76,0.46
2024-07-05 04:06:26.302967,0.75,0.46
2024-07-05 04:06:26.316966,0.75,0.47
2024-07-05 04:06:26.425311,0.82,0.47
2024-07-05 04:06:26.439628,0.82,0.49
2024-07-05 04:06:26.548816,0.76,0.49
2024-07-05 04:06:26.562636,0.76,0.49
2024-07-05 04:06:26.671402,0.71,0.49
2024-07-05 04:06:26.686383,0.71,0.46
2024-07-05 04:06:26.795192,0.76,0.46
2024-07-05 04:06:26.809144,0.76,0.47
2024-07-05 04:06:26.918725,0.77,0.47
2024-07-05 04:06:26.931871,0.77,0.5
2024-07-05 04:06:27.041036,0.72,0.5
2024-07-05 04:06:27.055041,0.72,0.52
2024-07-05 04:06:27.164175,0.73,0.52
2024-07-05 04:06:27.178117,0.73,0.53
2024-07-05 04:06:27.287459,0.77,0.53
2024-07-05 04:06:27.300564,0.77,0.5
2024-07-05 04:06:27.409929,0.76,0.5
2024-07-05 04:06:27.423935,0.76,0.52
2024-07-05 04:06:27.533538,0.77,0.52
2024-07-05 04:06:27.547543,0.77,0.36
2024-07-05 04:06:27.655999,0.74,0.36
2024-07-05 04:06:27.670098,0.74,0.52
2024-07-05 04:06:27.779533,0.76,0.52
2024-07-05 04:06:27.792707,0.76,0.49
2024-07-05 04:06:28.148131,0.76,0.49
2024-07-05 04:06:28.161716,0.76,0.49
2024-07-05 04:06:28.271117,0.77,0.49
2024-07-05 04:06:28.285410,0.77,0.46
2024-07-05 04:06:28.394160,0.74,0.46
2024-07-05 04:06:28.407166,0.74,0.49
2024-07-05 04:06:28.516828,0.75,0.49
2024-07-05 04:06:28.530981,0.75,0.51
2024-07-05 04:06:28.640588,0.75,0.51
2024-07-05 04:06:28.653589,0.75,0.53
2024-07-05 04:06:28.763414,0.71,0.53
2024-07-05 04:06:28.777411,0.71,0.5
2024-07-05 04:06:28.886169,0.69,0.5
2024-07-05 04:06:28.900161,0.69,0.51
2024-07-05 04:06:29.132656,0.76,0.51
2024-07-05 04:06:29.145630,0.76,0.45
2024-07-05 04:06:29.255283,0.74,0.45
2024-07-05 04:06:29.269324,0.74,0.46
2024-07-05 04:06:29.501809,0.75,0.46
2024-07-05 04:06:29.515809,0.75,0.49
2024-07-05 04:06:29.623153,0.77,0.49
2024-07-05 04:06:29.637150,0.77,0.44
2024-07-05 04:06:29.746785,0.73,0.44
2024-07-05 04:06:29.760792,0.73,0.41
2024-07-05 04:06:29.870364,0.78,0.41
2024-07-05 04:06:29.883367,0.78,0.47
2024-07-05 04:06:29.993369,0.73,0.47
2024-07-05 04:06:30.007200,0.73,0.52
2024-07-05 04:06:30.116265,0.71,0.52
2024-07-05 04:06:30.130271,0.71,0.43
2024-07-05 04:06:30.238846,0.78,0.43
2024-07-05 04:06:30.253218,0.78,0.5
2024-07-05 04:06:30.361808,0.69,0.5
2024-07-05 04:06:30.375866,0.69,0.47
2024-07-05 04:06:30.730918,0.7,0.47
2024-07-05 04:06:30.744940,0.7,0.53
2024-07-05 04:06:30.854713,0.68,0.53
2024-07-05 04:06:30.867957,0.68,0.49
2024-07-05 04:06:30.977261,0.68,0.49
2024-07-05 04:06:30.990255,0.68,0.47
2024-07-05 04:06:31.100430,0.78,0.47
2024-07-05 04:06:31.113650,0.78,0.45
2024-07-05 04:06:31.222608,0.77,0.45
2024-07-05 04:06:31.236744,0.77,0.45
2024-07-05 04:06:31.345905,0.75,0.45
2024-07-05 04:06:31.360211,0.75,0.45
2024-07-05 04:06:31.468868,0.81,0.45
2024-07-05 04:06:31.482934,0.81,0.48
2024-07-05 04:06:31.591920,0.77,0.48
2024-07-05 04:06:31.606080,0.77,0.49
2024-07-05 04:06:31.838703,0.76,0.49
2024-07-05 04:06:31.852389,0.76,0.46
2024-07-05 04:06:32.083745,0.72,0.46
2024-07-05 04:06:32.097745,0.72,0.5
2024-07-05 04:06:32.207152,0.77,0.5
2024-07-05 04:06:32.221318,0.77,0.51
2024-07-05 04:06:32.330490,0.75,0.51
2024-07-05 04:06:32.343492,0.75,0.45
2024-07-05 04:06:32.453548,0.78,0.45
2024-07-05 04:06:32.467365,0.78,0.53
2024-07-05 04:06:32.699071,0.72,0.53
2024-07-05 04:06:32.712140,0.72,0.44
2024-07-05 04:06:32.821787,0.76,0.44
2024-07-05 04:06:32.835901,0.76,0.5
2024-07-05 04:06:32.944220,0.76,0.5
2024-07-05 04:06:32.958299,0.76,0.44
2024-07-05 04:06:33.313199,0.77,0.44
2024-07-05 04:06:33.327235,0.77,0.49
2024-07-05 04:06:33.437015,0.76,0.49
2024-07-05 04:06:33.451011,0.76,0.53
2024-07-05 04:06:33.560104,0.77,0.53
2024-07-05 04:06:33.573552,0.77,0.52
2024-07-05 04:06:33.682021,0.75,0.52
2024-07-05 04:06:33.697287,0.75,0.48
2024-07-05 04:06:33.806525,0.76,0.48
2024-07-05 04:06:33.819576,0.76,0.52
2024-07-05 04:06:33.929093,0.75,0.52
2024-07-05 04:06:33.942094,0.75,0.49
2024-07-05 04:06:34.052117,0.74,0.49
2024-07-05 04:06:34.065106,0.74,0.48
2024-07-05 04:06:34.189124,0.74,0.46
2024-07-05 04:06:34.311866,0.74,0.49
2024-07-05 04:06:34.421201,0.72,0.49
2024-07-05 04:06:34.435201,0.72,0.46
2024-07-05 04:06:34.544502,0.7,0.46
2024-07-05 04:06:34.557744,0.7,0.51
2024-07-05 04:06:34.667201,0.75,0.51
2024-07-05 04:06:34.680792,0.75,0.46
2024-07-05 04:06:34.789461,0.73,0.46
2024-07-05 04:06:34.803401,0.73,0.45
2024-07-05 04:06:34.912705,0.77,0.45
2024-07-05 04:06:34.926693,0.77,0.5
2024-07-05 04:06:35.036286,0.76,0.5
2024-07-05 04:06:35.049306,0.76,0.48
2024-07-05 04:06:35.158953,0.73,0.48
2024-07-05 04:06:35.172617,0.73,0.52
2024-07-05 04:06:35.282287,0.73,0.52
2024-07-05 04:06:35.295498,0.73,0.5
2024-07-05 04:06:35.405070,0.77,0.5
2024-07-05 04:06:35.419156,0.77,0.49
2024-07-05 04:06:35.528432,0.75,0.49
2024-07-05 04:06:35.542606,0.75,0.48
2024-07-05 04:06:35.896468,0.73,0.48
2024-07-05 04:06:35.910568,0.73,0.51
2024-07-05 04:06:36.019521,0.75,0.51
2024-07-05 04:06:36.033787,0.75,0.51
2024-07-05 04:06:36.142598,0.72,0.51
2024-07-05 04:06:36.156613,0.72,0.51
2024-07-05 04:06:36.266485,0.75,0.51
2024-07-05 04:06:36.280088,0.75,0.53
2024-07-05 04:06:36.389503,0.74,0.53
2024-07-05 04:06:36.403045,0.74,0.5
2024-07-05 04:06:36.511713,0.72,0.5
2024-07-05 04:06:36.525923,0.72,0.47
2024-07-05 04:06:36.635158,0.79,0.47
2024-07-05 04:06:36.649160,0.79,0.47
2024-07-05 04:06:36.757101,0.74,0.47
2024-07-05 04:06:36.771609,0.74,0.46
2024-07-05 04:06:36.880428,0.77,0.46
2024-07-05 04:06:36.895397,0.77,0.49
2024-07-05 04:06:37.003781,0.69,0.49
2024-07-05 04:06:37.017787,0.69,0.48
2024-07-05 04:06:37.126674,0.73,0.48
2024-07-05 04:06:37.140813,0.73,0.48
2024-07-05 04:06:37.250144,0.69,0.48
2024-07-05 04:06:37.263796,0.69,0.48
2024-07-05 04:06:37.372463,0.69,0.48
2024-07-05 04:06:37.386532,0.69,0.44
2024-07-05 04:06:37.495847,0.73,0.44
2024-07-05 04:06:37.509844,0.73,0.52
2024-07-05 04:06:37.619268,0.69,0.52
2024-07-05 04:06:37.633393,0.69,0.46
2024-07-05 04:06:37.741974,0.76,0.46
2024-07-05 04:06:37.754939,0.76,0.51
2024-07-05 04:06:37.864912,0.69,0.51
2024-07-05 04:06:37.879429,0.69,0.47
2024-07-05 04:06:38.110098,0.75,0.47
2024-07-05 04:06:38.125115,0.75,0.51
2024-07-05 04:06:38.480090,0.75,0.51
2024-07-05 04:06:38.493400,0.75,0.52
2024-07-05 04:06:38.603020,0.76,0.52
2024-07-05 04:06:38.617172,0.76,0.5
2024-07-05 04:06:38.725602,0.76,0.5
2024-07-05 04:06:38.739616,0.76,0.47
2024-07-05 04:06:38.849106,0.73,0.47
2024-07-05 04:06:38.863129,0.73,0.45
2024-07-05 04:06:38.971846,0.78,0.45
2024-07-05 04:06:38.986170,0.78,0.45
2024-07-05 04:06:39.094928,0.77,0.45
2024-07-05 04:06:39.108944,0.77,0.51
2024-07-05 04:06:39.218313,0.76,0.51
2024-07-05 04:06:39.232352,0.76,0.47
2024-07-05 04:06:39.340446,0.72,0.47
2024-07-05 04:06:39.354899,0.72,0.48
2024-07-05 04:06:39.464101,0.74,0.48
2024-07-05 04:06:39.478261,0.74,0.47
2024-07-05 04:06:39.587049,0.67,0.47
2024-07-05 04:06:39.600859,0.67,0.49
2024-07-05 04:06:39.710028,0.76,0.49
2024-07-05 04:06:39.723024,0.76,0.47
2024-07-05 04:06:39.833349,0.66,0.47
2024-07-05 04:06:39.846552,0.66,0.44
2024-07-05 04:06:39.956387,0.69,0.44
2024-07-05 04:06:39.969632,0.69,0.49
2024-07-05 04:06:40.078882,0.68,0.49
2024-07-05 04:06:40.092593,0.68,0.42
2024-07-05 04:06:40.202021,0.76,0.42
2024-07-05 04:06:40.216247,0.76,0.53
2024-07-05 04:06:40.326142,0.68,0.53
2024-07-05 04:06:40.339176,0.68,0.48
2024-07-05 04:06:40.447639,0.67,0.48
2024-07-05 04:06:40.460917,0.67,0.48
2024-07-05 04:06:40.570257,0.75,0.48
2024-07-05 04:06:40.583955,0.75,0.49
2024-07-05 04:06:40.694067,0.73,0.49
2024-07-05 04:06:40.708087,0.73,0.5
2024-07-05 04:06:41.063620,0.76,0.5
2024-07-05 04:06:41.077029,0.76,0.46
2024-07-05 04:06:41.185718,0.76,0.46
2024-07-05 04:06:41.199856,0.76,0.52
2024-07-05 04:06:41.309469,0.76,0.52
2024-07-05 04:06:41.323395,0.76,0.47
2024-07-05 04:06:41.432559,0.75,0.47
2024-07-05 04:06:41.445574,0.75,0.47
2024-07-05 04:06:41.554511,0.77,0.47
2024-07-05 04:06:41.568549,0.77,0.51
2024-07-05 04:06:41.678052,0.77,0.51
2024-07-05 04:06:41.691044,0.77,0.47
2024-07-05 04:06:41.800728,0.76,0.47
2024-07-05 04:06:41.815171,0.76,0.44
2024-07-05 04:06:41.923986,0.79,0.44
2024-07-05 04:06:41.937217,0.79,0.42
2024-07-05 04:06:42.047673,0.71,0.42
2024-07-05 04:06:42.060672,0.71,0.44
2024-07-05 04:06:42.170030,0.75,0.44
2024-07-05 04:06:42.184184,0.75,0.49
2024-07-05 04:06:42.293175,0.77,0.49
2024-07-05 04:06:42.306148,0.77,0.48
2024-07-05 04:06:42.416120,0.78,0.48
2024-07-05 04:06:42.429051,0.78,0.53
2024-07-05 04:06:42.539594,0.75,0.53
2024-07-05 04:06:42.552663,0.75,0.53
2024-07-05 04:06:42.662332,0.75,0.53
2024-07-05 04:06:42.675477,0.75,0.49
2024-07-05 04:06:42.785328,0.75,0.49
2024-07-05 04:06:42.799358,0.75,0.55
2024-07-05 04:06:42.907251,0.79,0.55
2024-07-05 04:06:42.921249,0.79,0.53
2024-07-05 04:06:43.030597,0.76,0.53
2024-07-05 04:06:43.044597,0.76,0.45
2024-07-05 04:06:43.154505,0.77,0.45
2024-07-05 04:06:43.167667,0.77,0.49
2024-07-05 04:06:43.290312,0.77,0.5
2024-07-05 04:06:43.645909,0.76,0.5
2024-07-05 04:06:43.660216,0.76,0.52
2024-07-05 04:06:43.768901,0.82,0.52
2024-07-05 04:06:43.782078,0.82,0.53
2024-07-05 04:06:43.891462,0.72,0.53
2024-07-05 04:06:43.905460,0.72,0.51
2024-07-05 04:06:44.014558,0.77,0.51
2024-07-05 04:06:44.028753,0.77,0.48
2024-07-05 04:06:44.138029,0.74,0.48
2024-07-05 04:06:44.151122,0.74,0.5
2024-07-05 04:06:44.260811,0.76,0.5
2024-07-05 04:06:44.274744,0.76,0.53
2024-07-05 04:06:44.383350,0.73,0.53
2024-07-05 04:06:44.397427,0.73,0.48
2024-07-05 04:06:44.507468,0.76,0.48
2024-07-05 04:06:44.520648,0.76,0.49
2024-07-05 04:06:44.630168,0.79,0.49
2024-07-05 04:06:44.643270,0.79,0.52
2024-07-05 04:06:44.752681,0.73,0.52
2024-07-05 04:06:44.766756,0.73,0.49
2024-07-05 04:06:44.875849,0.73,0.49
2024-07-05 04:06:44.889533,0.73,0.52
2024-07-05 04:06:44.999341,0.76,0.52
2024-07-05 04:06:45.012338,0.76,0.46
2024-07-05 04:06:45.121815,0.72,0.46
2024-07-05 04:06:45.135895,0.72,0.52
2024-07-05 04:06:45.367895,0.76,0.52
2024-07-05 04:06:45.381419,0.76,0.49
2024-07-05 04:06:45.489970,0.73,0.49
2024-07-05 04:06:45.503965,0.73,0.51
2024-07-05 04:06:45.613504,0.68,0.51
2024-07-05 04:06:45.627500,0.68,0.47
2024-07-05 04:06:45.736040,0.76,0.47
2024-07-05 04:06:45.750348,0.76,0.46
2024-07-05 04:06:45.859690,0.73,0.46
2024-07-05 04:06:45.874284,0.73,0.5
2024-07-05 04:06:46.229633,0.78,0.5
2024-07-05 04:06:46.242597,0.78,0.43
2024-07-05 04:06:46.351799,0.76,0.43
2024-07-05 04:06:46.365829,0.76,0.46
2024-07-05 04:06:46.474997,0.76,0.46
2024-07-05 04:06:46.488557,0.76,0.46
2024-07-05 04:06:46.597265,0.75,0.46
2024-07-05 04:06:46.611288,0.75,0.46
2024-07-05 04:06:46.720291,0.78,0.46
2024-07-05 04:06:46.734323,0.78,0.49
2024-07-05 04:06:46.843671,0.76,0.49
2024-07-05 04:06:46.857828,0.76,0.53
2024-07-05 04:06:46.966495,0.75,0.53
2024-07-05 04:06:46.980503,0.75,0.47
2024-07-05 04:06:47.090292,0.74,0.47
2024-07-05 04:06:47.103225,0.74,0.46
2024-07-05 04:06:47.213100,0.73,0.46
2024-07-05 04:06:47.226011,0.73,0.52
2024-07-05 04:06:47.335758,0.8,0.52
2024-07-05 04:06:47.349751,0.8,0.46
2024-07-05 04:06:47.458013,0.76,0.46
2024-07-05 04:06:47.472233,0.76,0.5
2024-07-05 04:06:47.582536,0.76,0.5
2024-07-05 04:06:47.595742,0.76,0.54
2024-07-05 04:06:47.704520,0.71,0.54
2024-07-05 04:06:47.718524,0.71,0.52
2024-07-05 04:06:47.827928,0.75,0.52
2024-07-05 04:06:47.841108,0.75,0.52
2024-07-05 04:06:47.950893,0.73,0.52
2024-07-05 04:06:47.964093,0.73,0.47
2024-07-05 04:06:48.073727,0.73,0.47
2024-07-05 04:06:48.087604,0.73,0.53
2024-07-05 04:06:48.196872,0.79,0.53
2024-07-05 04:06:48.209829,0.79,0.51
2024-07-05 04:06:48.319231,0.73,0.51
2024-07-05 04:06:48.333632,0.73,0.51
2024-07-05 04:06:48.442957,0.76,0.51
2024-07-05 04:06:48.455951,0.76,0.47
2024-07-05 04:06:48.812349,0.76,0.47
2024-07-05 04:06:48.825686,0.76,0.5
2024-07-05 04:06:48.935558,0.74,0.5
2024-07-05 04:06:48.948830,0.74,0.55
2024-07-05 04:06:49.058062,0.76,0.55
2024-07-05 04:06:49.071749,0.76,0.5
2024-07-05 04:06:49.181212,0.72,0.5
2024-07-05 04:06:49.193745,0.72,0.45
2024-07-05 04:06:49.303854,0.69,0.45
2024-07-05 04:06:49.317134,0.69,0.46
2024-07-05 04:06:49.426003,0.76,0.46
2024-07-05 04:06:49.440278,0.76,0.49
2024-07-05 04:06:49.549824,0.76,0.49
2024-07-05 04:06:49.563817,0.76,0.45
2024-07-05 04:06:49.672401,0.77,0.45
2024-07-05 04:06:49.686499,0.77,0.47
2024-07-05 04:06:49.795974,0.76,0.47
2024-07-05 04:06:49.809354,0.76,0.48
2024-07-05 04:06:49.918510,0.76,0.48
2024-07-05 04:06:49.932504,0.76,0.53
2024-07-05 04:06:50.041473,0.72,0.53
2024-07-05 04:06:50.055505,0.72,0.47
2024-07-05 04:06:50.164452,0.76,0.47
2024-07-05 04:06:50.178463,0.76,0.41
2024-07-05 04:06:50.287807,0.72,0.41
2024-07-05 04:06:50.301811,0.72,0.47
2024-07-05 04:06:50.410879,0.76,0.47
2024-07-05 04:06:50.424874,0.76,0.51
2024-07-05 04:06:50.533526,0.74,0.51
2024-07-05 04:06:50.547525,0.74,0.5
2024-07-05 04:06:50.656638,0.84,0.5
2024-07-05 04:06:50.670663,0.84,0.46
2024-07-05 04:06:50.779740,0.76,0.46
2024-07-05 04:06:50.793048,0.76,0.5
2024-07-05 04:06:50.902721,0.76,0.5
2024-07-05 04:06:50.916653,0.76,0.48
2024-07-05 04:06:51.026106,0.76,0.48
2024-07-05 04:06:51.040107,0.76,0.5
2024-07-05 04:06:51.394246,0.75,0.5
2024-07-05 04:06:51.408197,0.75,0.52
2024-07-05 04:06:51.517736,0.76,0.52
2024-07-05 04:06:51.531397,0.76,0.43
2024-07-05 04:06:51.640440,0.75,0.43
2024-07-05 04:06:51.654603,0.75,0.41
2024-07-05 04:06:51.763350,0.78,0.41
2024-07-05 04:06:52.009533,0.79,0.41
2024-07-05 04:06:52.022543,0.79,0.49
2024-07-05 04:06:52.132585,0.77,0.49
2024-07-05 04:06:52.146939,0.77,0.5
2024-07-05 04:06:52.255867,0.77,0.5
2024-07-05 04:06:52.269429,0.77,0.48
2024-07-05 04:06:52.379138,0.74,0.48
2024-07-05 04:06:52.391785,0.74,0.5
2024-07-05 04:06:52.501317,0.8,0.5
2024-07-05 04:06:52.515690,0.8,0.55
2024-07-05 04:06:52.625856,0.76,0.55
2024-07-05 04:06:52.639000,0.76,0.42
2024-07-05 04:06:52.747681,0.81,0.42
2024-07-05 04:06:52.760813,0.81,0.5
2024-07-05 04:06:52.871040,0.79,0.5
2024-07-05 04:06:52.884360,0.79,0.49
2024-07-05 04:06:52.993946,0.78,0.49
2024-07-05 04:06:53.007236,0.78,0.36
2024-07-05 04:06:53.116862,0.72,0.36
2024-07-05 04:06:53.130705,0.72,0.42
2024-07-05 04:06:53.238768,0.76,0.42
2024-07-05 04:06:53.252765,0.76,0.38
2024-07-05 04:06:53.361804,0.77,0.38
2024-07-05 04:06:53.377167,0.77,0.46
2024-07-05 04:06:53.485737,0.81,0.46
2024-07-05 04:06:53.499310,0.81,0.5
2024-07-05 04:06:53.608683,0.8,0.5
2024-07-05 04:06:53.622007,0.8,0.5
2024-07-05 04:06:53.977351,0.77,0.5
2024-07-05 04:06:53.991922,0.77,0.43
2024-07-05 04:06:54.100311,0.74,0.43
2024-07-05 04:06:54.113830,0.74,0.51
2024-07-05 04:06:54.223485,0.74,0.51
2024-07-05 04:06:54.237702,0.74,0.36
2024-07-05 04:06:54.346852,0.7,0.36
2024-07-05 04:06:54.359913,0.7,0.47
2024-07-05 04:06:54.469626,0.7,0.47
2024-07-05 04:06:54.482717,0.7,0.46
2024-07-05 04:06:54.592156,0.71,0.46
2024-07-05 04:06:54.605812,0.71,0.4
2024-07-05 04:06:54.715637,0.81,0.4
2024-07-05 04:06:54.728840,0.81,0.54
2024-07-05 04:06:54.838152,0.7,0.54
2024-07-05 04:06:54.852162,0.7,0.5
2024-07-05 04:06:54.961472,0.76,0.5
2024-07-05 04:06:54.975518,0.76,0.38
2024-07-05 04:06:55.084823,0.75,0.38
2024-07-05 04:06:55.098448,0.75,0.46
2024-07-05 04:06:55.329714,0.76,0.46
2024-07-05 04:06:55.344720,0.76,0.43
2024-07-05 04:06:55.453016,0.69,0.43
2024-07-05 04:06:55.467237,0.69,0.53
2024-07-05 04:06:55.576469,0.72,0.53
2024-07-05 04:06:55.590456,0.72,0.5
2024-07-05 04:06:55.698754,0.7,0.5
2024-07-05 04:06:55.713748,0.7,0.42
2024-07-05 04:06:55.822295,0.71,0.42
2024-07-05 04:06:55.836296,0.71,0.46
2024-07-05 04:06:55.944927,0.79,0.46
2024-07-05 04:06:55.958925,0.79,0.49
2024-07-05 04:06:56.068485,0.79,0.49
2024-07-05 04:06:56.082491,0.79,0.54
2024-07-05 04:06:56.191023,0.76,0.54
2024-07-05 04:06:56.205746,0.76,0.47
2024-07-05 04:06:56.560987,0.73,0.47
2024-07-05 04:06:56.574274,0.73,0.42
2024-07-05 04:06:56.683493,0.77,0.42
2024-07-05 04:06:56.697901,0.77,0.48
2024-07-05 04:06:56.806031,0.79,0.48
2024-07-05 04:06:56.820216,0.79,0.42
2024-07-05 04:06:56.929013,0.75,0.42
2024-07-05 04:06:56.943261,0.75,0.43
2024-07-05 04:06:57.174899,0.76,0.43
2024-07-05 04:06:57.188857,0.76,0.49
2024-07-05 04:06:57.298509,0.74,0.49
2024-07-05 04:06:57.312512,0.74,0.53
2024-07-05 04:06:57.421712,0.76,0.53
2024-07-05 04:06:57.434713,0.76,0.5
2024-07-05 04:06:57.544920,0.72,0.5
2024-07-05 04:06:57.557920,0.72,0.54
2024-07-05 04:06:57.668203,0.8,0.54
2024-07-05 04:06:57.681224,0.8,0.5
2024-07-05 04:06:57.790454,0.72,0.5
2024-07-05 04:06:57.804536,0.72,0.5
2024-07-05 04:06:57.913418,0.79,0.5
2024-07-05 04:06:57.927586,0.79,0.46
2024-07-05 04:06:58.036424,0.75,0.46
2024-07-05 04:06:58.049922,0.75,0.45
2024-07-05 04:06:58.159640,0.78,0.45
2024-07-05 04:06:58.173072,0.78,0.47
2024-07-05 04:06:58.282955,0.75,0.47
2024-07-05 04:06:58.296692,0.75,0.48
2024-07-05 04:06:58.405920,0.74,0.48
2024-07-05 04:06:58.419463,0.74,0.47
2024-07-05 04:06:58.528730,0.74,0.47
2024-07-05 04:06:58.542736,0.74,0.42
2024-07-05 04:06:58.651954,0.76,0.42
2024-07-05 04:06:58.665955,0.76,0.49
2024-07-05 04:06:58.773836,0.78,0.49
2024-07-05 04:06:58.787964,0.78,0.41
2024-07-05 04:06:59.143108,0.73,0.41
2024-07-05 04:06:59.157206,0.73,0.47
2024-07-05 04:06:59.389654,0.75,0.47
2024-07-05 04:06:59.403728,0.75,0.5
2024-07-05 04:06:59.511929,0.79,0.5
2024-07-05 04:06:59.526210,0.79,0.45
2024-07-05 04:06:59.635201,0.73,0.45
2024-07-05 04:06:59.649030,0.73,0.47
2024-07-05 04:06:59.758834,0.75,0.47
2024-07-05 04:06:59.771960,0.75,0.51
2024-07-05 04:06:59.881878,0.72,0.51
2024-07-05 04:06:59.894891,0.72,0.51
2024-07-05 04:07:00.005067,0.8,0.51
2024-07-05 04:07:00.018064,0.8,0.47
2024-07-05 04:07:00.126862,0.76,0.47
2024-07-05 04:07:00.141825,0.76,0.5
2024-07-05 04:07:00.250509,0.77,0.5
2024-07-05 04:07:00.264518,0.77,0.5
2024-07-05 04:07:00.373682,0.75,0.5
2024-07-05 04:07:00.387615,0.75,0.47
2024-07-05 04:07:00.496831,0.74,0.47
2024-07-05 04:07:00.510046,0.74,0.43
2024-07-05 04:07:00.618942,0.73,0.43
2024-07-05 04:07:00.632331,0.73,0.46
2024-07-05 04:07:00.742452,0.77,0.46
2024-07-05 04:07:00.756389,0.77,0.48
2024-07-05 04:07:00.865572,0.76,0.48
2024-07-05 04:07:00.879662,0.76,0.44
2024-07-05 04:07:00.987956,0.83,0.44
2024-07-05 04:07:01.002301,0.83,0.52
2024-07-05 04:07:01.111337,0.77,0.52
2024-07-05 04:07:01.125687,0.77,0.46
2024-07-05 04:07:01.234183,0.76,0.46
2024-07-05 04:07:01.248446,0.76,0.52
2024-07-05 04:07:01.357084,0.78,0.52
2024-07-05 04:07:01.371215,0.78,0.44
2024-07-05 04:07:01.725917,0.75,0.44
2024-07-05 04:07:01.739925,0.75,0.5
2024-07-05 04:07:01.849551,0.76,0.5
2024-07-05 04:07:01.863647,0.76,0.51
2024-07-05 04:07:01.972491,0.77,0.51
2024-07-05 04:07:01.986488,0.77,0.43
2024-07-05 04:07:02.095870,0.76,0.43
2024-07-05 04:07:02.109388,0.76,0.55
2024-07-05 04:07:02.218840,0.71,0.55
2024-07-05 04:07:02.231938,0.71,0.45
2024-07-05 04:07:02.341680,0.78,0.45
2024-07-05 04:07:02.355736,0.78,0.47
2024-07-05 04:07:02.464080,0.75,0.47
2024-07-05 04:07:02.478267,0.75,0.48
2024-07-05 04:07:02.586973,0.75,0.48
2024-07-05 04:07:02.600702,0.75,0.52
2024-07-05 04:07:02.710376,0.76,0.52
2024-07-05 04:07:02.724371,0.76,0.46
2024-07-05 04:07:02.833965,0.76,0.46
2024-07-05 04:07:02.847050,0.76,0.41
2024-07-05 04:07:02.955434,0.76,0.41
2024-07-05 04:07:02.970433,0.76,0.47
2024-07-05 04:07:03.080072,0.78,0.47
2024-07-05 04:07:03.093138,0.78,0.51
2024-07-05 04:07:03.202822,0.7,0.51
2024-07-05 04:07:03.448147,0.79,0.51
2024-07-05 04:07:03.462142,0.79,0.49
2024-07-05 04:07:03.571774,0.73,0.49
2024-07-05 04:07:03.585923,0.73,0.5
2024-07-05 04:07:03.694074,0.71,0.5
2024-07-05 04:07:03.707924,0.71,0.42
2024-07-05 04:07:03.818119,0.86,0.42
2024-07-05 04:07:03.831748,0.86,0.41
2024-07-05 04:07:03.940376,0.72,0.41
2024-07-05 04:07:03.954375,0.72,0.51
2024-07-05 04:07:04.309537,0.7,0.51
2024-07-05 04:07:04.323383,0.7,0.45
2024-07-05 04:07:04.432774,0.74,0.45
2024-07-05 04:07:04.445989,0.74,0.47
2024-07-05 04:07:04.555550,0.72,0.47
2024-07-05 04:07:04.569522,0.72,0.46
2024-07-05 04:07:04.678009,0.76,0.46
2024-07-05 04:07:04.692194,0.76,0.35
2024-07-05 04:07:04.801257,0.79,0.35
2024-07-05 04:07:04.815403,0.79,0.48
2024-07-05 04:07:04.923767,0.72,0.48
2024-07-05 04:07:04.938190,0.72,0.4
2024-07-05 04:07:05.061895,0.72,0.44
2024-07-05 04:07:05.184787,0.72,0.49
2024-07-05 04:07:05.293617,0.71,0.49
2024-07-05 04:07:05.307479,0.71,0.44
2024-07-05 04:07:05.417110,0.7,0.44
2024-07-05 04:07:05.430647,0.7,0.46
2024-07-05 04:07:05.539663,0.78,0.46
2024-07-05 04:07:05.552660,0.78,0.52
2024-07-05 04:07:05.663008,0.73,0.52
2024-07-05 04:07:05.676496,0.73,0.46
2024-07-05 04:07:05.785096,0.76,0.46
2024-07-05 04:07:05.798764,0.76,0.46
2024-07-05 04:07:05.909072,0.74,0.46
2024-07-05 04:07:05.922332,0.74,0.44
2024-07-05 04:07:06.031255,0.75,0.44
2024-07-05 04:07:06.045254,0.75,0.46
2024-07-05 04:07:06.153929,0.77,0.46
2024-07-05 04:07:06.167992,0.77,0.53
2024-07-05 04:07:06.276817,0.76,0.53
2024-07-05 04:07:06.290812,0.76,0.48
2024-07-05 04:07:06.399362,0.75,0.48
2024-07-05 04:07:06.413905,0.75,0.51
2024-07-05 04:07:06.523438,0.77,0.51
2024-07-05 04:07:06.537439,0.77,0.51
2024-07-05 04:07:06.892528,0.69,0.51
2024-07-05 04:07:06.905536,0.69,0.49
2024-07-05 04:07:07.015356,0.68,0.49
2024-07-05 04:07:07.029454,0.68,0.45
2024-07-05 04:07:07.138037,0.76,0.45
2024-07-05 04:07:07.151953,0.76,0.45
2024-07-05 04:07:07.261594,0.81,0.45
2024-07-05 04:07:07.274599,0.81,0.5
2024-07-05 04:07:07.384120,0.72,0.5
2024-07-05 04:07:07.398162,0.72,0.47
2024-07-05 04:07:07.506089,0.78,0.47
2024-07-05 04:07:07.521802,0.78,0.49
2024-07-05 04:07:07.630601,0.72,0.49
2024-07-05 04:07:07.643778,0.72,0.49
2024-07-05 04:07:07.753004,0.77,0.49
2024-07-05 04:07:07.766939,0.77,0.49
2024-07-05 04:07:07.876219,0.77,0.49
2024-07-05 04:07:07.890164,0.77,0.52
2024-07-05 04:07:07.999466,0.76,0.52
2024-07-05 04:07:08.013602,0.76,0.49
2024-07-05 04:07:08.122351,0.76,0.49
2024-07-05 04:07:08.136682,0.76,0.49
2024-07-05 04:07:08.245734,0.77,0.49
2024-07-05 04:07:08.258959,0.77,0.46
2024-07-05 04:07:08.368375,0.76,0.46
2024-07-05 04:07:08.382370,0.76,0.46
2024-07-05 04:07:08.490951,0.77,0.46
2024-07-05 04:07:08.504891,0.77,0.47
2024-07-05 04:07:08.614930,0.76,0.47
2024-07-05 04:07:08.628001,0.76,0.45
2024-07-05 04:07:08.737314,0.72,0.45
2024-07-05 04:07:08.751248,0.72,0.5
2024-07-05 04:07:08.860774,0.76,0.5
2024-07-05 04:07:08.874545,0.76,0.47
2024-07-05 04:07:08.983342,0.77,0.47
2024-07-05 04:07:08.997312,0.77,0.48
2024-07-05 04:07:09.106371,0.77,0.48
2024-07-05 04:07:09.119881,0.77,0.5
2024-07-05 04:07:09.474865,0.78,0.5
2024-07-05 04:07:09.489175,0.78,0.47
2024-07-05 04:07:09.597144,0.76,0.47
2024-07-05 04:07:09.613679,0.76,0.47
2024-07-05 04:07:09.721212,0.78,0.47
2024-07-05 04:07:09.735204,0.78,0.5
2024-07-05 04:07:09.844482,0.74,0.5
2024-07-05 04:07:09.857397,0.74,0.48
2024-07-05 04:07:09.967191,0.79,0.48
2024-07-05 04:07:09.980184,0.79,0.47
2024-07-05 04:07:10.090704,0.73,0.47
2024-07-05 04:07:10.103679,0.73,0.46
2024-07-05 04:07:10.213040,0.74,0.46
2024-07-05 04:07:10.227003,0.74,0.47
2024-07-05 04:07:10.336255,0.76,0.47
2024-07-05 04:07:10.350252,0.76,0.48
2024-07-05 04:07:10.458951,0.81,0.48
2024-07-05 04:07:10.472951,0.81,0.49
2024-07-05 04:07:10.582900,0.76,0.49
2024-07-05 04:07:10.595870,0.76,0.47
2024-07-05 04:07:10.704754,0.8,0.47
2024-07-05 04:07:10.719059,0.8,0.44
2024-07-05 04:07:10.951106,0.76,0.44
2024-07-05 04:07:10.965115,0.76,0.46
2024-07-05 04:07:11.074198,0.79,0.46
2024-07-05 04:07:11.088642,0.79,0.46
2024-07-05 04:07:11.196335,0.8,0.46
2024-07-05 04:07:11.210636,0.8,0.46
2024-07-05 04:07:11.320218,0.73,0.46
2024-07-05 04:07:11.333588,0.73,0.48
2024-07-05 04:07:11.442254,0.76,0.48
2024-07-05 04:07:11.456364,0.76,0.48
2024-07-05 04:07:11.566301,0.73,0.48
2024-07-05 04:07:11.580521,0.73,0.48
2024-07-05 04:07:11.688575,0.75,0.48
2024-07-05 04:07:11.702682,0.75,0.45
2024-07-05 04:07:12.058379,0.76,0.45
2024-07-05 04:07:12.071468,0.76,0.49
2024-07-05 04:07:12.181389,0.74,0.49
2024-07-05 04:07:12.195036,0.74,0.51
2024-07-05 04:07:12.303951,0.77,0.51
2024-07-05 04:07:12.318092,0.77,0.47
2024-07-05 04:07:12.427149,0.73,0.47
2024-07-05 04:07:12.441180,0.73,0.47
2024-07-05 04:07:12.550495,0.76,0.47
2024-07-05 04:07:12.563429,0.76,0.52
2024-07-05 04:07:12.672894,0.78,0.52
2024-07-05 04:07:12.686895,0.78,0.5
2024-07-05 04:07:12.796272,0.77,0.5
2024-07-05 04:07:12.809323,0.77,0.47
2024-07-05 04:07:12.919775,0.77,0.47
2024-07-05 04:07:12.932756,0.77,0.49
2024-07-05 04:07:13.042702,0.76,0.49
2024-07-05 04:07:13.055715,0.76,0.49
2024-07-05 04:07:13.164276,0.76,0.49
2024-07-05 04:07:13.178273,0.76,0.49
2024-07-05 04:07:13.288390,0.81,0.49
2024-07-05 04:07:13.302399,0.81,0.46
2024-07-05 04:07:13.411523,0.76,0.46
2024-07-05 04:07:13.425168,0.76,0.51
2024-07-05 04:07:13.534560,0.78,0.51
2024-07-05 04:07:13.548683,0.78,0.47
2024-07-05 04:07:13.656883,0.8,0.47
2024-07-05 04:07:13.670967,0.8,0.49
2024-07-05 04:07:13.780817,0.83,0.49
2024-07-05 04:07:13.793992,0.83,0.49
2024-07-05 04:07:13.903513,0.79,0.49
2024-07-05 04:07:13.917526,0.79,0.49
2024-07-05 04:07:14.026978,0.79,0.49
2024-07-05 04:07:14.039876,0.79,0.47
2024-07-05 04:07:14.149087,0.82,0.47
2024-07-05 04:07:14.163093,0.82,0.48
2024-07-05 04:07:14.272854,0.73,0.48
2024-07-05 04:07:14.286144,0.73,0.46
2024-07-05 04:07:14.641072,0.74,0.46
2024-07-05 04:07:14.654956,0.74,0.51
2024-07-05 04:07:14.764597,0.8,0.51
2024-07-05 04:07:15.009942,0.81,0.51
2024-07-05 04:07:15.023463,0.81,0.52
2024-07-05 04:07:15.133072,0.81,0.52
2024-07-05 04:07:15.147110,0.81,0.46
2024-07-05 04:07:15.256875,0.74,0.46
2024-07-05 04:07:15.270136,0.74,0.46
2024-07-05 04:07:15.379204,0.68,0.46
2024-07-05 04:07:15.393296,0.68,0.46
2024-07-05 04:07:15.501968,0.75,0.46
2024-07-05 04:07:15.515941,0.75,0.45
2024-07-05 04:07:15.625670,0.72,0.45
2024-07-05 04:07:15.639670,0.72,0.5
2024-07-05 04:07:15.747963,0.76,0.5
2024-07-05 04:07:15.762023,0.76,0.45
2024-07-05 04:07:15.871220,0.77,0.45
2024-07-05 04:07:15.884904,0.77,0.48
2024-07-05 04:07:15.994155,0.72,0.48
2024-07-05 04:07:16.007165,0.72,0.46
2024-07-05 04:07:16.116687,0.75,0.46
2024-07-05 04:07:16.130911,0.75,0.49
2024-07-05 04:07:16.240081,0.72,0.49
2024-07-05 04:07:16.254088,0.72,0.48
2024-07-05 04:07:16.362920,0.74,0.48
2024-07-05 04:07:16.376362,0.74,0.5
2024-07-05 04:07:16.485679,0.69,0.5
2024-07-05 04:07:16.499682,0.69,0.51
2024-07-05 04:07:16.609706,0.76,0.51
2024-07-05 04:07:16.623438,0.76,0.53
2024-07-05 04:07:16.731329,0.75,0.53
2024-07-05 04:07:16.745340,0.75,0.52
2024-07-05 04:07:16.855237,0.78,0.52
2024-07-05 04:07:16.869084,0.78,0.48
2024-07-05 04:07:17.223549,0.76,0.48
2024-07-05 04:07:17.237485,0.76,0.5
2024-07-05 04:07:17.346730,0.76,0.5
2024-07-05 04:07:17.360816,0.76,0.5
2024-07-05 04:07:17.469534,0.76,0.5
2024-07-05 04:07:17.484615,0.76,0.53
2024-07-05 04:07:17.592959,0.69,0.53
2024-07-05 04:07:17.606958,0.69,0.48
2024-07-05 04:07:17.716003,0.73,0.48
2024-07-05 04:07:17.730090,0.73,0.48
2024-07-05 04:07:17.839727,0.72,0.48
2024-07-05 04:07:17.853752,0.72,0.49
2024-07-05 04:07:17.962125,0.76,0.49
2024-07-05 04:07:17.976532,0.76,0.48
2024-07-05 04:07:18.084917,0.75,0.48
2024-07-05 04:07:18.098929,0.75,0.54
2024-07-05 04:07:18.221753,0.75,0.51
2024-07-05 04:07:18.345062,0.75,0.49
2024-07-05 04:07:18.453930,0.76,0.49
2024-07-05 04:07:18.468083,0.76,0.52
2024-07-05 04:07:18.577531,0.8,0.52
2024-07-05 04:07:18.591455,0.8,0.5
2024-07-05 04:07:18.700465,0.78,0.5
2024-07-05 04:07:18.713577,0.78,0.51
2024-07-05 04:07:18.823728,0.76,0.51
2024-07-05 04:07:18.837406,0.76,0.52
2024-07-05 04:07:18.946452,0.76,0.52
2024-07-05 04:07:18.959623,0.76,0.52
2024-07-05 04:07:19.069466,0.74,0.52
2024-07-05 04:07:19.083511,0.74,0.47
2024-07-05 04:07:19.192084,0.73,0.47
2024-07-05 04:07:19.205777,0.73,0.5
2024-07-05 04:07:19.315012,0.69,0.5
2024-07-05 04:07:19.329153,0.69,0.49
2024-07-05 04:07:19.438281,0.78,0.49
2024-07-05 04:07:19.452329,0.78,0.52
2024-07-05 04:07:19.807097,0.75,0.52
2024-07-05 04:07:19.820108,0.75,0.48
2024-07-05 04:07:19.929604,0.78,0.48
2024-07-05 04:07:19.943605,0.78,0.48
2024-07-05 04:07:20.052137,0.77,0.48
2024-07-05 04:07:20.066138,0.77,0.52
2024-07-05 04:07:20.175669,0.76,0.52
2024-07-05 04:07:20.189662,0.76,0.5
2024-07-05 04:07:20.299202,0.73,0.5
2024-07-05 04:07:20.312210,0.73,0.49
2024-07-05 04:07:20.421939,0.74,0.49
2024-07-05 04:07:20.435456,0.74,0.51
2024-07-05 04:07:20.544983,0.76,0.51
2024-07-05 04:07:20.558988,0.76,0.53
2024-07-05 04:07:20.667660,0.74,0.53
2024-07-05 04:07:20.681928,0.74,0.5
2024-07-05 04:07:20.790740,0.76,0.5
2024-07-05 04:07:20.804096,0.76,0.5
2024-07-05 04:07:20.913778,0.76,0.5
2024-07-05 04:07:20.928064,0.76,0.51
2024-07-05 04:07:21.037445,0.74,0.51
2024-07-05 04:07:21.051176,0.74,0.51
2024-07-05 04:07:21.159845,0.74,0.51
2024-07-05 04:07:21.173825,0.74,0.53
2024-07-05 04:07:21.282874,0.76,0.53
2024-07-05 04:07:21.296876,0.76,0.52
2024-07-05 04:07:21.406453,0.76,0.52
2024-07-05 04:07:21.419657,0.76,0.47
2024-07-05 04:07:21.529021,0.77,0.47
2024-07-05 04:07:21.542748,0.77,0.53
2024-07-05 04:07:21.651311,0.75,0.53
2024-07-05 04:07:21.665538,0.75,0.54
2024-07-05 04:07:21.775560,0.77,0.54
2024-07-05 04:07:21.788495,0.77,0.52
2024-07-05 04:07:21.898604,0.78,0.52
2024-07-05 04:07:21.912604,0.78,0.53
2024-07-05 04:07:22.020939,0.75,0.53
2024-07-05 04:07:22.034720,0.75,0.5
2024-07-05 04:07:22.390007,0.75,0.5
2024-07-05 04:07:22.403345,0.75,0.49
2024-07-05 04:07:22.513217,0.76,0.49
2024-07-05 04:07:22.526658,0.76,0.52
2024-07-05 04:07:22.636637,0.76,0.52
2024-07-05 04:07:22.882743,0.76,0.52
2024-07-05 04:07:22.896267,0.76,0.49
2024-07-05 04:07:23.004817,0.76,0.49
2024-07-05 04:07:23.018382,0.76,0.49
2024-07-05 04:07:23.128208,0.75,0.49
2024-07-05 04:07:23.141953,0.75,0.49
2024-07-05 04:07:23.251152,0.8,0.49
2024-07-05 04:07:23.265159,0.8,0.5
2024-07-05 04:07:23.374096,0.8,0.5
2024-07-05 04:07:23.388113,0.8,0.46
2024-07-05 04:07:23.496870,0.79,0.46
2024-07-05 04:07:23.510880,0.79,0.46
2024-07-05 04:07:23.620736,0.74,0.46
2024-07-05 04:07:23.633629,0.74,0.45
2024-07-05 04:07:23.742912,0.76,0.45
2024-07-05 04:07:23.756590,0.76,0.47
2024-07-05 04:07:23.866271,0.77,0.47
2024-07-05 04:07:23.879424,0.77,0.48
2024-07-05 04:07:23.989254,0.81,0.48
2024-07-05 04:07:24.003036,0.81,0.48
2024-07-05 04:07:24.112369,0.76,0.48
2024-07-05 04:07:24.125110,0.76,0.49
2024-07-05 04:07:24.234043,0.74,0.49
2024-07-05 04:07:24.248263,0.74,0.51
2024-07-05 04:07:24.357935,0.74,0.51
2024-07-05 04:07:24.371934,0.74,0.49
2024-07-05 04:07:24.481574,0.76,0.49
2024-07-05 04:07:24.495097,0.76,0.51
2024-07-05 04:07:24.604225,0.76,0.51
2024-07-05 04:07:24.617348,0.76,0.51
2024-07-05 04:07:24.972748,0.78,0.51
2024-07-05 04:07:24.986755,0.78,0.43
2024-07-05 04:07:25.096515,0.76,0.43
2024-07-05 04:07:25.109304,0.76,0.41
2024-07-05 04:07:25.219038,0.8,0.41
2024-07-05 04:07:25.233157,0.8,0.44
2024-07-05 04:07:25.341828,0.79,0.44
2024-07-05 04:07:25.355830,0.79,0.48
2024-07-05 04:07:25.465940,0.82,0.48
2024-07-05 04:07:25.477950,0.82,0.48
2024-07-05 04:07:25.587369,0.82,0.48
2024-07-05 04:07:25.601506,0.82,0.46
2024-07-05 04:07:25.710878,0.69,0.46
2024-07-05 04:07:25.724901,0.69,0.46
2024-07-05 04:07:25.834333,0.77,0.46
2024-07-05 04:07:25.848019,0.77,0.44
2024-07-05 04:07:25.957362,0.71,0.44
2024-07-05 04:07:25.971522,0.71,0.44
2024-07-05 04:07:26.080892,0.7,0.44
2024-07-05 04:07:26.094034,0.7,0.47
2024-07-05 04:07:26.202886,0.78,0.47
2024-07-05 04:07:26.217080,0.78,0.51
2024-07-05 04:07:26.325904,0.75,0.51
2024-07-05 04:07:26.340092,0.75,0.48
2024-07-05 04:07:26.449082,0.67,0.48
2024-07-05 04:07:26.463037,0.67,0.43
2024-07-05 04:07:26.571949,0.73,0.43
2024-07-05 04:07:26.585196,0.73,0.49
2024-07-05 04:07:26.695133,0.73,0.49
2024-07-05 04:07:26.709284,0.73,0.53
2024-07-05 04:07:26.817775,0.79,0.53
2024-07-05 04:07:26.831785,0.79,0.44
2024-07-05 04:07:26.940710,0.75,0.44
2024-07-05 04:07:26.954915,0.75,0.41
2024-07-05 04:07:27.063788,0.82,0.41
2024-07-05 04:07:27.079339,0.82,0.47
2024-07-05 04:07:27.186931,0.7,0.47
2024-07-05 04:07:27.201055,0.7,0.45
2024-07-05 04:07:27.555372,0.76,0.45
2024-07-05 04:07:27.569443,0.76,0.46
2024-07-05 04:07:27.678723,0.74,0.46
2024-07-05 04:07:27.692685,0.74,0.5
2024-07-05 04:07:27.801132,0.75,0.5
2024-07-05 04:07:27.816129,0.75,0.48
2024-07-05 04:07:27.924836,0.75,0.48
2024-07-05 04:07:27.939100,0.75,0.48
2024-07-05 04:07:28.048629,0.74,0.48
2024-07-05 04:07:28.061859,0.74,0.49
2024-07-05 04:07:28.170242,0.76,0.49
2024-07-05 04:07:28.184245,0.76,0.46
2024-07-05 04:07:28.293325,0.72,0.46
2024-07-05 04:07:28.307325,0.72,0.48
2024-07-05 04:07:28.417171,0.76,0.48
2024-07-05 04:07:28.430188,0.76,0.47
2024-07-05 04:07:28.539936,0.71,0.47
2024-07-05 04:07:28.553861,0.71,0.52
2024-07-05 04:07:28.663671,0.72,0.52
2024-07-05 04:07:28.676734,0.72,0.5
2024-07-05 04:07:28.786640,0.73,0.5
2024-07-05 04:07:28.800199,0.73,0.44
2024-07-05 04:07:28.908596,0.68,0.44
2024-07-05 04:07:28.922619,0.68,0.47
2024-07-05 04:07:29.031749,0.73,0.47
2024-07-05 04:07:29.045532,0.73,0.49
2024-07-05 04:07:29.154886,0.68,0.49
2024-07-05 04:07:29.168965,0.68,0.46
2024-07-05 04:07:29.278400,0.72,0.46
2024-07-05 04:07:29.291543,0.72,0.46
2024-07-05 04:07:29.400999,0.78,0.46
2024-07-05 04:07:29.414872,0.78,0.46
2024-07-05 04:07:29.523579,0.7,0.46
2024-07-05 04:07:29.537483,0.7,0.38
2024-07-05 04:07:29.783997,0.7,0.54
2024-07-05 04:07:30.139395,0.78,0.54
2024-07-05 04:07:30.152412,0.78,0.46
2024-07-05 04:07:30.262003,0.74,0.46
2024-07-05 04:07:30.276125,0.74,0.49
2024-07-05 04:07:30.384288,0.77,0.49
2024-07-05 04:07:30.399337,0.77,0.52
2024-07-05 04:07:30.506691,0.78,0.52
2024-07-05 04:07:30.521700,0.78,0.4
2024-07-05 04:07:30.631171,0.75,0.4
2024-07-05 04:07:30.644066,0.75,0.52
2024-07-05 04:07:30.753930,0.7,0.52
2024-07-05 04:07:30.768103,0.7,0.47
2024-07-05 04:07:30.877120,0.81,0.47
2024-07-05 04:07:30.891205,0.81,0.51
2024-07-05 04:07:31.000565,0.78,0.51
2024-07-05 04:07:31.013577,0.78,0.54
2024-07-05 04:07:31.123228,0.72,0.54
2024-07-05 04:07:31.137237,0.72,0.5
2024-07-05 04:07:31.245990,0.8,0.5
2024-07-05 04:07:31.259842,0.8,0.5
2024-07-05 04:07:31.369064,0.74,0.5
2024-07-05 04:07:31.382479,0.74,0.5
2024-07-05 04:07:31.491757,0.66,0.5
2024-07-05 04:07:31.505855,0.66,0.48
2024-07-05 04:07:31.614450,0.79,0.48
2024-07-05 04:07:31.628623,0.79,0.38
2024-07-05 04:07:31.737344,0.78,0.38
2024-07-05 04:07:31.751048,0.78,0.43
2024-07-05 04:07:31.860025,0.71,0.43
2024-07-05 04:07:31.874021,0.71,0.5
2024-07-05 04:07:31.984029,0.78,0.5
2024-07-05 04:07:31.997133,0.78,0.51
2024-07-05 04:07:32.107216,0.69,0.51
2024-07-05 04:07:32.121328,0.69,0.42
2024-07-05 04:07:32.229898,0.81,0.42
2024-07-05 04:07:32.243477,0.81,0.49
2024-07-05 04:07:32.352588,0.8,0.49
2024-07-05 04:07:32.366599,0.8,0.42
2024-07-05 04:07:32.721774,0.75,0.42
2024-07-05 04:07:32.735925,0.75,0.48
2024-07-05 04:07:32.845334,0.84,0.48
2024-07-05 04:07:32.858322,0.84,0.39
2024-07-05 04:07:32.967538,0.8,0.39
2024-07-05 04:07:32.981539,0.8,0.35
2024-07-05 04:07:33.091773,0.73,0.35
2024-07-05 04:07:33.104595,0.73,0.43
2024-07-05 04:07:33.213846,0.78,0.43
2024-07-05 04:07:33.227971,0.78,0.44
2024-07-05 04:07:33.336263,0.81,0.44
2024-07-05 04:07:33.350582,0.81,0.48
2024-07-05 04:07:33.460558,0.79,0.48
2024-07-05 04:07:33.473623,0.79,0.46
2024-07-05 04:07:33.582724,0.76,0.46
2024-07-05 04:07:33.596686,0.76,0.51
2024-07-05 04:07:33.705130,0.79,0.51
2024-07-05 04:07:33.720041,0.79,0.54
2024-07-05 04:07:33.828407,0.85,0.54
2024-07-05 04:07:33.841928,0.85,0.48
2024-07-05 04:07:33.951192,0.78,0.48
2024-07-05 04:07:33.965161,0.78,0.51
2024-07-05 04:07:34.074616,0.79,0.51
2024-07-05 04:07:34.088837,0.79,0.5
2024-07-05 04:07:34.197186,0.69,0.5
2024-07-05 04:07:34.211503,0.69,0.44
2024-07-05 04:07:34.320796,0.65,0.44
2024-07-05 04:07:34.334147,0.65,0.44
2024-07-05 04:07:34.443802,0.8,0.44
2024-07-05 04:07:34.457804,0.8,0.51
2024-07-05 04:07:34.566508,0.78,0.51
2024-07-05 04:07:34.580482,0.78,0.46
2024-07-05 04:07:34.689420,0.75,0.46
2024-07-05 04:07:34.703424,0.75,0.56
2024-07-05 04:07:34.812600,0.73,0.56
2024-07-05 04:07:34.826601,0.73,0.45
2024-07-05 04:07:34.935165,0.68,0.45
2024-07-05 04:07:34.949201,0.68,0.46
2024-07-05 04:07:35.304832,0.76,0.46
2024-07-05 04:07:35.318831,0.76,0.45
2024-07-05 04:07:35.427917,0.78,0.45
2024-07-05 04:07:35.441923,0.78,0.44
2024-07-05 04:07:35.550610,0.78,0.44
2024-07-05 04:07:35.565095,0.78,0.51
2024-07-05 04:07:35.673703,0.76,0.51
2024-07-05 04:07:35.688076,0.76,0.47
2024-07-05 04:07:35.796573,0.7,0.47
2024-07-05 04:07:35.810799,0.7,0.44
2024-07-05 04:07:35.919725,0.78,0.44
2024-07-05 04:07:35.933899,0.78,0.46
2024-07-05 04:07:36.042708,0.64,0.46
2024-07-05 04:07:36.055812,0.64,0.45
2024-07-05 04:07:36.166332,0.79,0.45
2024-07-05 04:07:36.179423,0.79,0.48
2024-07-05 04:07:36.288995,0.79,0.48
2024-07-05 04:07:36.303146,0.79,0.48
2024-07-05 04:07:36.411725,0.78,0.48
2024-07-05 04:07:36.425831,0.78,0.43
2024-07-05 04:07:36.533588,0.75,0.43
2024-07-05 04:07:36.548304,0.75,0.48
2024-07-05 04:07:36.657362,0.86,0.48
2024-07-05 04:07:36.671379,0.86,0.38
2024-07-05 04:07:36.780073,0.77,0.38
2024-07-05 04:07:36.794146,0.77,0.52
2024-07-05 04:07:36.903222,0.76,0.52
2024-07-05 04:07:36.917273,0.76,0.46
2024-07-05 04:07:37.027165,0.7,0.46
2024-07-05 04:07:37.040455,0.7,0.47
2024-07-05 04:07:37.149450,0.78,0.47
2024-07-05 04:07:37.164114,0.78,0.54
2024-07-05 04:07:37.272012,0.72,0.54
2024-07-05 04:07:37.286999,0.72,0.48
2024-07-05 04:07:37.395740,0.78,0.48
2024-07-05 04:07:37.410197,0.78,0.52
2024-07-05 04:07:37.519049,0.81,0.52
2024-07-05 04:07:37.532173,0.81,0.53
2024-07-05 04:07:37.887738,0.77,0.53
2024-07-05 04:07:37.900738,0.77,0.45
2024-07-05 04:07:38.010282,0.7,0.45
2024-07-05 04:07:38.024275,0.7,0.42
2024-07-05 04:07:38.133615,0.69,0.42
2024-07-05 04:07:38.147615,0.69,0.47
2024-07-05 04:07:38.256736,0.69,0.47
2024-07-05 04:07:38.270228,0.69,0.45
2024-07-05 04:07:38.379737,0.81,0.45
2024-07-05 04:07:38.394194,0.81,0.49
2024-07-05 04:07:38.502715,0.8,0.49
2024-07-05 04:07:38.515710,0.8,0.41
2024-07-05 04:07:38.626239,0.84,0.41
2024-07-05 04:07:38.639263,0.84,0.49
2024-07-05 04:07:38.748707,0.78,0.49
2024-07-05 04:07:38.762882,0.78,0.4
2024-07-05 04:07:38.872447,0.72,0.4
2024-07-05 04:07:38.885538,0.72,0.47
2024-07-05 04:07:38.994827,0.69,0.47
2024-07-05 04:07:39.009008,0.69,0.49
2024-07-05 04:07:39.118259,0.73,0.49
2024-07-05 04:07:39.131551,0.73,0.5
2024-07-05 04:07:39.240937,0.78,0.5
2024-07-05 04:07:39.254417,0.78,0.5
2024-07-05 04:07:39.363417,0.78,0.5
2024-07-05 04:07:39.377639,0.78,0.41
2024-07-05 04:07:39.487278,0.75,0.41
2024-07-05 04:07:39.500938,0.75,0.43
2024-07-05 04:07:39.610556,0.72,0.43
2024-07-05 04:07:39.622779,0.72,0.49
2024-07-05 04:07:39.732123,0.81,0.49
2024-07-05 04:07:39.746185,0.81,0.49
2024-07-05 04:07:39.856145,0.82,0.49
2024-07-05 04:07:39.869212,0.82,0.47
2024-07-05 04:07:39.978403,0.76,0.47
2024-07-05 04:07:39.992402,0.76,0.48
2024-07-05 04:07:40.101008,0.7,0.48
2024-07-05 04:07:40.115498,0.7,0.43
2024-07-05 04:07:40.471203,0.77,0.43
2024-07-05 04:07:40.485225,0.77,0.41
2024-07-05 04:07:40.594030,0.7,0.41
2024-07-05 04:07:40.608032,0.7,0.47
2024-07-05 04:07:40.729659,0.7,0.47
2024-07-05 04:07:40.853521,0.7,0.42
2024-07-05 04:07:40.961989,0.76,0.42
2024-07-05 04:07:40.976133,0.76,0.56
2024-07-05 04:07:41.085909,0.73,0.56
2024-07-05 04:07:41.100024,0.73,0.53
2024-07-05 04:07:41.209307,0.8,0.53
2024-07-05 04:07:41.222499,0.8,0.49
2024-07-05 04:07:41.331813,0.81,0.49
2024-07-05 04:07:41.344810,0.81,0.48
2024-07-05 04:07:41.455182,0.78,0.48
2024-07-05 04:07:41.468300,0.78,0.48
2024-07-05 04:07:41.578277,0.71,0.48
2024-07-05 04:07:41.591408,0.71,0.45
2024-07-05 04:07:41.701005,0.73,0.45
2024-07-05 04:07:41.714011,0.73,0.45
2024-07-05 04:07:41.824183,0.72,0.45
2024-07-05 04:07:41.837508,0.72,0.41
2024-07-05 04:07:41.961012,0.72,0.53
2024-07-05 04:07:42.083863,0.72,0.47
2024-07-05 04:07:42.192346,0.73,0.47
2024-07-05 04:07:42.206347,0.73,0.42
2024-07-05 04:07:42.314672,0.79,0.42
2024-07-05 04:07:42.329619,0.79,0.52
2024-07-05 04:07:42.438187,0.8,0.52
2024-07-05 04:07:42.452708,0.8,0.52
2024-07-05 04:07:42.561716,0.78,0.52
2024-07-05 04:07:42.575617,0.78,0.56
2024-07-05 04:07:42.684469,0.79,0.56
2024-07-05 04:07:42.698744,0.79,0.42
2024-07-05 04:07:43.053897,0.77,0.42
2024-07-05 04:07:43.067554,0.77,0.4
2024-07-05 04:07:43.176941,0.77,0.4
2024-07-05 04:07:43.189936,0.77,0.47
2024-07-05 04:07:43.299700,0.76,0.47
2024-07-05 04:07:43.313661,0.76,0.53
2024-07-05 04:07:43.422570,0.67,0.53
2024-07-05 04:07:43.436510,0.67,0.44
2024-07-05 04:07:43.545685,0.75,0.44
2024-07-05 04:07:43.559306,0.75,0.44
2024-07-05 04:07:43.668812,0.79,0.44
2024-07-05 04:07:43.682922,0.79,0.47
2024-07-05 04:07:43.791119,0.77,0.47
2024-07-05 04:07:43.805118,0.77,0.41
2024-07-05 04:07:43.915717,0.76,0.41
2024-07-05 04:07:43.928908,0.76,0.44
2024-07-05 04:07:44.037375,0.73,0.44
2024-07-05 04:07:44.051552,0.73,0.49
2024-07-05 04:07:44.161012,0.69,0.49
2024-07-05 04:07:44.174196,0.69,0.45
2024-07-05 04:07:44.283568,0.7,0.45
2024-07-05 04:07:44.297573,0.7,0.44
2024-07-05 04:07:44.405569,0.83,0.44
2024-07-05 04:07:44.419706,0.83,0.5
2024-07-05 04:07:44.529233,0.78,0.5
2024-07-05 04:07:44.543482,0.78,0.51
2024-07-05 04:07:44.652681,0.77,0.51
2024-07-05 04:07:44.666092,0.77,0.49
2024-07-05 04:07:44.775348,0.78,0.49
2024-07-05 04:07:44.789346,0.78,0.35
2024-07-05 04:07:44.898588,0.75,0.35
2024-07-05 04:07:44.911700,0.75,0.37
2024-07-05 04:07:45.021426,0.79,0.37
2024-07-05 04:07:45.035736,0.79,0.53
2024-07-05 04:07:45.144339,0.76,0.53
2024-07-05 04:07:45.157862,0.76,0.38
2024-07-05 04:07:45.267330,0.74,0.38
2024-07-05 04:07:45.281344,0.74,0.5
2024-07-05 04:07:45.637130,0.82,0.5
2024-07-05 04:07:45.650723,0.82,0.46
2024-07-05 04:07:45.759063,0.76,0.46
2024-07-05 04:07:45.773032,0.76,0.46
2024-07-05 04:07:45.883021,0.77,0.46
2024-07-05 04:07:45.897019,0.77,0.4
2024-07-05 04:07:46.005530,0.69,0.4
2024-07-05 04:07:46.018983,0.69,0.5
2024-07-05 04:07:46.128734,0.73,0.5
2024-07-05 04:07:46.141832,0.73,0.52
2024-07-05 04:07:46.251341,0.69,0.52
2024-07-05 04:07:46.266024,0.69,0.5
2024-07-05 04:07:46.374528,0.68,0.5
2024-07-05 04:07:46.388449,0.68,0.39
2024-07-05 04:07:46.620878,0.81,0.39
2024-07-05 04:07:46.634042,0.81,0.39
2024-07-05 04:07:46.743318,0.83,0.39
2024-07-05 04:07:46.756493,0.83,0.53
2024-07-05 04:07:46.866476,0.75,0.53
2024-07-05 04:07:46.879797,0.75,0.35
2024-07-05 04:07:46.989234,0.79,0.35
2024-07-05 04:07:47.003278,0.79,0.53
2024-07-05 04:07:47.112134,0.78,0.53
2024-07-05 04:07:47.126155,0.78,0.43
2024-07-05 04:07:47.235076,0.77,0.43
2024-07-05 04:07:47.249087,0.77,0.48
2024-07-05 04:07:47.357395,0.75,0.48
2024-07-05 04:07:47.372502,0.75,0.4
2024-07-05 04:07:47.496133,0.75,0.49
2024-07-05 04:07:47.617561,0.75,0.45
2024-07-05 04:07:47.726958,0.76,0.45
2024-07-05 04:07:47.741046,0.76,0.51
2024-07-05 04:07:47.850042,0.78,0.51
2024-07-05 04:07:47.864553,0.78,0.42
2024-07-05 04:07:48.219770,0.76,0.42
2024-07-05 04:07:48.233805,0.76,0.36
2024-07-05 04:07:48.342349,0.77,0.36
2024-07-05 04:07:48.356356,0.77,0.43
2024-07-05 04:07:48.465266,0.76,0.43
2024-07-05 04:07:48.479261,0.76,0.45
2024-07-05 04:07:48.588515,0.84,0.45
2024-07-05 04:07:48.602515,0.84,0.5
2024-07-05 04:07:48.711378,0.68,0.5
2024-07-05 04:07:48.725379,0.68,0.52
2024-07-05 04:07:48.834508,0.79,0.52
2024-07-05 04:07:48.848788,0.79,0.46
2024-07-05 04:07:48.957754,0.69,0.46
2024-07-05 04:07:48.971937,0.69,0.43
2024-07-05 04:07:49.080745,0.75,0.43
2024-07-05 04:07:49.094741,0.75,0.46
2024-07-05 04:07:49.204327,0.7,0.46
2024-07-05 04:07:49.217542,0.7,0.51
2024-07-05 04:07:49.326591,0.81,0.51
2024-07-05 04:07:49.340592,0.81,0.46
2024-07-05 04:07:49.449889,0.78,0.46
2024-07-05 04:07:49.463271,0.78,0.52
2024-07-05 04:07:49.572217,0.75,0.52
2024-07-05 04:07:49.586235,0.75,0.5
2024-07-05 04:07:49.695108,0.84,0.5
2024-07-05 04:07:49.709358,0.84,0.51
2024-07-05 04:07:49.818905,0.77,0.51
2024-07-05 04:07:49.831902,0.77,0.47
2024-07-05 04:07:49.941951,0.73,0.47
2024-07-05 04:07:49.955757,0.73,0.5
2024-07-05 04:07:50.064901,0.76,0.5
2024-07-05 04:07:50.078100,0.76,0.47
2024-07-05 04:07:50.187093,0.78,0.47
2024-07-05 04:07:50.201101,0.78,0.52
2024-07-05 04:07:50.310936,0.78,0.52
2024-07-05 04:07:50.323939,0.78,0.5
2024-07-05 04:07:50.433916,0.76,0.5
2024-07-05 04:07:50.447129,0.76,0.48
2024-07-05 04:07:50.802626,0.78,0.48
2024-07-05 04:07:50.816526,0.78,0.47
2024-07-05 04:07:50.925565,0.78,0.47
2024-07-05 04:07:50.939570,0.78,0.41
2024-07-05 04:07:51.048432,0.73,0.41
2024-07-05 04:07:51.061131,0.73,0.39
2024-07-05 04:07:51.171252,0.76,0.39
2024-07-05 04:07:51.185223,0.76,0.47
2024-07-05 04:07:51.416919,0.83,0.47
2024-07-05 04:07:51.430919,0.83,0.46
2024-07-05 04:07:51.539845,0.76,0.46
2024-07-05 04:07:51.553851,0.76,0.27
2024-07-05 04:07:51.663142,0.79,0.27
2024-07-05 04:07:51.677248,0.79,0.41
2024-07-05 04:07:51.786466,0.73,0.41
2024-07-05 04:07:51.800913,0.73,0.46
2024-07-05 04:07:51.910128,0.73,0.46
2024-07-05 04:07:51.923227,0.73,0.45
2024-07-05 04:07:52.032271,0.69,0.45
2024-07-05 04:07:52.046205,0.69,0.38
2024-07-05 04:07:52.155467,0.74,0.38
2024-07-05 04:07:52.169478,0.74,0.42
2024-07-05 04:07:52.277819,0.77,0.42
2024-07-05 04:07:52.292864,0.77,0.47
2024-07-05 04:07:52.401640,0.76,0.47
2024-07-05 04:07:52.414644,0.76,0.38
2024-07-05 04:07:52.524753,0.74,0.38
2024-07-05 04:07:52.537884,0.74,0.34
2024-07-05 04:07:52.646968,0.76,0.34
2024-07-05 04:07:52.661004,0.76,0.49
2024-07-05 04:07:52.770255,0.7,0.49
2024-07-05 04:07:52.784350,0.7,0.44
2024-07-05 04:07:52.893282,0.67,0.44
2024-07-05 04:07:52.907391,0.67,0.48
2024-07-05 04:07:53.016290,0.7,0.48
2024-07-05 04:07:53.276081,0.7,0.44
2024-07-05 04:07:53.386029,0.77,0.44
2024-07-05 04:07:53.399949,0.77,0.45
2024-07-05 04:07:53.508661,0.77,0.45
2024-07-05 04:07:53.522654,0.77,0.28
2024-07-05 04:07:53.631820,0.78,0.28
2024-07-05 04:07:53.644776,0.78,0.41
2024-07-05 04:07:53.754834,0.77,0.41
2024-07-05 04:07:53.768627,0.77,0.46
2024-07-05 04:07:53.877682,0.8,0.46
2024-07-05 04:07:53.891627,0.8,0.41
2024-07-05 04:07:53.999928,0.72,0.41
2024-07-05 04:07:54.014001,0.72,0.45
2024-07-05 04:07:54.123696,0.72,0.45
2024-07-05 04:07:54.137232,0.72,0.42
2024-07-05 04:07:54.245546,0.76,0.42
2024-07-05 04:07:54.491852,0.79,0.42
2024-07-05 04:07:54.505972,0.79,0.38
2024-07-05 04:07:54.615306,0.82,0.38
2024-07-05 04:07:54.628667,0.82,0.43
2024-07-05 04:07:54.738385,0.72,0.43
2024-07-05 04:07:54.752763,0.72,0.55
2024-07-05 04:07:54.860870,0.77,0.55
2024-07-05 04:07:54.874574,0.77,0.56
2024-07-05 04:07:54.983955,0.79,0.56
2024-07-05 04:07:54.997917,0.79,0.5
2024-07-05 04:07:55.107607,0.76,0.5
2024-07-05 04:07:55.121008,0.76,0.55
2024-07-05 04:07:55.229826,0.76,0.55
2024-07-05 04:07:55.244318,0.76,0.49
2024-07-05 04:07:55.352884,0.76,0.49
2024-07-05 04:07:55.366933,0.76,0.48
2024-07-05 04:07:55.476849,0.75,0.48
2024-07-05 04:07:55.490263,0.75,0.47
2024-07-05 04:07:55.598746,0.75,0.47
2024-07-05 04:07:55.613737,0.75,0.6
2024-07-05 04:07:55.968360,0.75,0.6
2024-07-05 04:07:55.982369,0.75,0.44
2024-07-05 04:07:56.091702,0.79,0.44
2024-07-05 04:07:56.105492,0.79,0.4
2024-07-05 04:07:56.214710,0.68,0.4
2024-07-05 04:07:56.227609,0.68,0.51
2024-07-05 04:07:56.336638,0.79,0.51
2024-07-05 04:07:56.350642,0.79,0.52
2024-07-05 04:07:56.460172,0.77,0.52
2024-07-05 04:07:56.473918,0.77,0.53
2024-07-05 04:07:56.583367,0.72,0.53
2024-07-05 04:07:56.597364,0.72,0.43
2024-07-05 04:07:56.705943,0.7,0.43
2024-07-05 04:07:56.719914,0.7,0.38
2024-07-05 04:07:56.829238,0.68,0.38
2024-07-05 04:07:56.843573,0.68,0.42
2024-07-05 04:07:56.952650,0.79,0.42
2024-07-05 04:07:56.965878,0.79,0.47
2024-07-05 04:07:57.074862,0.73,0.47
2024-07-05 04:07:57.089889,0.73,0.46
2024-07-05 04:07:57.198507,0.75,0.46
2024-07-05 04:07:57.211399,0.75,0.5
2024-07-05 04:07:57.321269,0.74,0.5
2024-07-05 04:07:57.335268,0.74,0.51
2024-07-05 04:07:57.444132,0.77,0.51
2024-07-05 04:07:57.458083,0.77,0.51
2024-07-05 04:07:57.567766,0.74,0.51
2024-07-05 04:07:57.581284,0.74,0.51
2024-07-05 04:07:57.690436,0.76,0.51
2024-07-05 04:07:57.703690,0.76,0.39
2024-07-05 04:07:57.813560,0.74,0.39
2024-07-05 04:07:57.827804,0.74,0.52
2024-07-05 04:07:57.936563,0.78,0.52
2024-07-05 04:07:57.949564,0.78,0.52
2024-07-05 04:07:58.058331,0.8,0.52
2024-07-05 04:07:58.072858,0.8,0.5
2024-07-05 04:07:58.182337,0.74,0.5
2024-07-05 04:07:58.195356,0.74,0.49
2024-07-05 04:07:58.550946,0.77,0.49
2024-07-05 04:07:58.564977,0.77,0.42
2024-07-05 04:07:58.674783,0.77,0.42
2024-07-05 04:07:58.919658,0.79,0.42
2024-07-05 04:07:59.165922,0.78,0.42
2024-07-05 04:07:59.179554,0.78,0.51
2024-07-05 04:07:59.289191,0.8,0.51
2024-07-05 04:07:59.303203,0.8,0.51
2024-07-05 04:07:59.412672,0.77,0.51
2024-07-05 04:07:59.426183,0.77,0.5
2024-07-05 04:07:59.535240,0.79,0.5
2024-07-05 04:07:59.549234,0.79,0.48
2024-07-05 04:07:59.657723,0.77,0.48
2024-07-05 04:07:59.671732,0.77,0.52
2024-07-05 04:07:59.780328,0.73,0.52
2024-07-05 04:07:59.795328,0.73,0.51
2024-07-05 04:07:59.904150,0.76,0.51
2024-07-05 04:07:59.918485,0.76,0.51
2024-07-05 04:08:00.027369,0.79,0.51
2024-07-05 04:08:00.041369,0.79,0.5
2024-07-05 04:08:00.150764,0.79,0.5
2024-07-05 04:08:00.163888,0.79,0.48
2024-07-05 04:08:00.272857,0.76,0.48
2024-07-05 04:08:00.286609,0.76,0.49
2024-07-05 04:08:00.396411,0.73,0.49
2024-07-05 04:08:00.409713,0.73,0.47
2024-07-05 04:08:00.519898,0.71,0.47
2024-07-05 04:08:00.533220,0.71,0.47
2024-07-05 04:08:00.642636,0.71,0.47
2024-07-05 04:08:00.656637,0.71,0.38
2024-07-05 04:08:00.764288,0.75,0.38
2024-07-05 04:08:00.777860,0.75,0.51
2024-07-05 04:08:01.133923,0.7,0.51
2024-07-05 04:08:01.147879,0.7,0.52
2024-07-05 04:08:01.257846,0.73,0.52
2024-07-05 04:08:01.271569,0.73,0.46
2024-07-05 04:08:01.380084,0.74,0.46
2024-07-05 04:08:01.394239,0.74,0.44
2024-07-05 04:08:01.503834,0.7,0.44
2024-07-05 04:08:01.517058,0.7,0.51
2024-07-05 04:08:01.626337,0.77,0.51
2024-07-05 04:08:01.639657,0.77,0.41
2024-07-05 04:08:01.748846,0.79,0.41
2024-07-05 04:08:01.763161,0.79,0.49
2024-07-05 04:08:01.871576,0.68,0.49
2024-07-05 04:08:01.885614,0.68,0.44
2024-07-05 04:08:01.994634,0.76,0.44
2024-07-05 04:08:02.008672,0.76,0.47
2024-07-05 04:08:02.240787,0.72,0.47
2024-07-05 04:08:02.255215,0.72,0.52
2024-07-05 04:08:02.364116,0.71,0.52
2024-07-05 04:08:02.378197,0.71,0.46
2024-07-05 04:08:02.487196,0.79,0.46
2024-07-05 04:08:02.501005,0.79,0.4
2024-07-05 04:08:02.609790,0.77,0.4
2024-07-05 04:08:02.623824,0.77,0.48
2024-07-05 04:08:02.733677,0.76,0.48
2024-07-05 04:08:02.746787,0.76,0.46
2024-07-05 04:08:02.857147,0.74,0.46
2024-07-05 04:08:02.870672,0.74,0.44
2024-07-05 04:08:02.979213,0.73,0.44
2024-07-05 04:08:02.992558,0.73,0.49
2024-07-05 04:08:03.102022,0.76,0.49
2024-07-05 04:08:03.115027,0.76,0.45
2024-07-05 04:08:03.224996,0.78,0.45
2024-07-05 04:08:03.238980,0.78,0.4
2024-07-05 04:08:03.348108,0.84,0.4
2024-07-05 04:08:03.361115,0.84,0.49
2024-07-05 04:08:03.717330,0.75,0.49
2024-07-05 04:08:03.731534,0.75,0.4
2024-07-05 04:08:03.840813,0.81,0.4
2024-07-05 04:08:03.854271,0.81,0.42
2024-07-05 04:08:03.963447,0.71,0.42
2024-07-05 04:08:03.977470,0.71,0.42
2024-07-05 04:08:04.086130,0.68,0.42
2024-07-05 04:08:04.100286,0.68,0.42
2024-07-05 04:08:04.208702,0.85,0.42
2024-07-05 04:08:04.222677,0.85,0.46
2024-07-05 04:08:04.331967,0.68,0.46
2024-07-05 04:08:04.345130,0.68,0.48
2024-07-05 04:08:04.455025,0.67,0.48
2024-07-05 04:08:04.468974,0.67,0.49
2024-07-05 04:08:04.578500,0.74,0.49
2024-07-05 04:08:04.592221,0.74,0.5
2024-07-05 04:08:04.702150,0.76,0.5
2024-07-05 04:08:04.715168,0.76,0.48
2024-07-05 04:08:04.824117,0.72,0.48
2024-07-05 04:08:04.838068,0.72,0.49
2024-07-05 04:08:04.947278,0.79,0.49
2024-07-05 04:08:04.961295,0.79,0.48
2024-07-05 04:08:05.069928,0.8,0.48
2024-07-05 04:08:05.083564,0.8,0.41
2024-07-05 04:08:05.192513,0.75,0.41
2024-07-05 04:08:05.206872,0.75,0.5
2024-07-05 04:08:05.316114,0.76,0.5
2024-07-05 04:08:05.329440,0.76,0.5
2024-07-05 04:08:05.438912,0.86,0.5
2024-07-05 04:08:05.452800,0.86,0.52
2024-07-05 04:08:05.561674,0.73,0.52
2024-07-05 04:08:05.576622,0.73,0.48
2024-07-05 04:08:05.685422,0.69,0.48
2024-07-05 04:08:05.698431,0.69,0.46
2024-07-05 04:08:05.807965,0.79,0.46
2024-07-05 04:08:05.821993,0.79,0.52
2024-07-05 04:08:05.930666,0.73,0.52
2024-07-05 04:08:05.944672,0.73,0.43
2024-07-05 04:08:06.299230,0.76,0.43
2024-07-05 04:08:06.313808,0.76,0.46
2024-07-05 04:08:06.422734,0.76,0.46
2024-07-05 04:08:06.437057,0.76,0.38
2024-07-05 04:08:06.545449,0.86,0.38
2024-07-05 04:08:06.559562,0.86,0.52
2024-07-05 04:08:06.683039,0.86,0.45
2024-07-05 04:08:06.806477,0.86,0.5
2024-07-05 04:08:06.915870,0.75,0.5
2024-07-05 04:08:06.928816,0.75,0.48
2024-07-05 04:08:07.039094,0.69,0.48
2024-07-05 04:08:07.052558,0.69,0.48
2024-07-05 04:08:07.161711,0.74,0.48
2024-07-05 04:08:07.174428,0.74,0.45
2024-07-05 04:08:07.283559,0.76,0.45
2024-07-05 04:08:07.297570,0.76,0.51
2024-07-05 04:08:07.407526,0.76,0.51
2024-07-05 04:08:07.421427,0.76,0.44
2024-07-05 04:08:07.529934,0.7,0.44
2024-07-05 04:08:07.543051,0.7,0.48
2024-07-05 04:08:07.653780,0.7,0.48
2024-07-05 04:08:07.666733,0.7,0.46
2024-07-05 04:08:07.775061,0.65,0.46
2024-07-05 04:08:07.789585,0.65,0.47
2024-07-05 04:08:07.899730,0.82,0.47
2024-07-05 04:08:07.913310,0.82,0.43
2024-07-05 04:08:08.022081,0.81,0.43
2024-07-05 04:08:08.036336,0.81,0.51
2024-07-05 04:08:08.145250,0.75,0.51
2024-07-05 04:08:08.158198,0.75,0.51
2024-07-05 04:08:08.267999,0.78,0.51
2024-07-05 04:08:08.281128,0.78,0.49
2024-07-05 04:08:08.391145,0.82,0.49
2024-07-05 04:08:08.404693,0.82,0.5
2024-07-05 04:08:08.513061,0.8,0.5
2024-07-05 04:08:08.528372,0.8,0.44
2024-07-05 04:08:08.883282,0.76,0.44
2024-07-05 04:08:08.897212,0.76,0.49
2024-07-05 04:08:09.006120,0.72,0.49
2024-07-05 04:08:09.019607,0.72,0.46
2024-07-05 04:08:09.129324,0.78,0.46
2024-07-05 04:08:09.142407,0.78,0.46
2024-07-05 04:08:09.250909,0.75,0.46
2024-07-05 04:08:09.265972,0.75,0.48
2024-07-05 04:08:09.374718,0.71,0.48
2024-07-05 04:08:09.388405,0.71,0.49
2024-07-05 04:08:09.498039,0.77,0.49
2024-07-05 04:08:09.511039,0.77,0.47
2024-07-05 04:08:09.620723,0.73,0.47
2024-07-05 04:08:09.634765,0.73,0.48
2024-07-05 04:08:09.743489,0.75,0.48
2024-07-05 04:08:09.757485,0.75,0.47
2024-07-05 04:08:09.866324,0.82,0.47
2024-07-05 04:08:09.880203,0.82,0.51
2024-07-05 04:08:09.990499,0.69,0.51
2024-07-05 04:08:10.004396,0.69,0.54
2024-07-05 04:08:10.113309,0.78,0.54
2024-07-05 04:08:10.127450,0.78,0.5
2024-07-05 04:08:10.236032,0.78,0.5
2024-07-05 04:08:10.249112,0.78,0.51
2024-07-05 04:08:10.358546,0.71,0.51
2024-07-05 04:08:10.372597,0.71,0.49
2024-07-05 04:08:10.481248,0.84,0.49
2024-07-05 04:08:10.495331,0.84,0.53
2024-07-05 04:08:10.604621,0.61,0.53
2024-07-05 04:08:10.618897,0.61,0.43
2024-07-05 04:08:10.727729,0.75,0.43
2024-07-05 04:08:10.741742,0.75,0.51
2024-07-05 04:08:10.851172,0.72,0.51
2024-07-05 04:08:10.865080,0.72,0.48
2024-07-05 04:08:10.973600,0.72,0.48
2024-07-05 04:08:10.988111,0.72,0.43
2024-07-05 04:08:11.097104,0.74,0.43
2024-07-05 04:08:11.111041,0.74,0.52
2024-07-05 04:08:11.466480,0.73,0.52
2024-07-05 04:08:11.479359,0.73,0.52
2024-07-05 04:08:11.588983,0.66,0.52
2024-07-05 04:08:11.603223,0.66,0.47
2024-07-05 04:08:11.711574,0.72,0.47
2024-07-05 04:08:11.725717,0.72,0.44
2024-07-05 04:08:11.834883,0.65,0.44
2024-07-05 04:08:11.848597,0.65,0.51
2024-07-05 04:08:11.958337,0.76,0.51
2024-07-05 04:08:11.972349,0.76,0.47
2024-07-05 04:08:12.081121,0.86,0.47
2024-07-05 04:08:12.094836,0.86,0.49
2024-07-05 04:08:12.204263,0.82,0.49
2024-07-05 04:08:12.218257,0.82,0.49
2024-07-05 04:08:12.326899,0.68,0.49
2024-07-05 04:08:12.340892,0.68,0.5
2024-07-05 04:08:12.449825,0.77,0.5
2024-07-05 04:08:12.464193,0.77,0.47
2024-07-05 04:08:12.572732,0.78,0.47
2024-07-05 04:08:12.586913,0.78,0.48
2024-07-05 04:08:12.695499,0.68,0.48
2024-07-05 04:08:12.709643,0.68,0.5
2024-07-05 04:08:12.820053,0.69,0.5
2024-07-05 04:08:12.833102,0.69,0.41
2024-07-05 04:08:12.941448,0.71,0.41
2024-07-05 04:08:12.956692,0.71,0.47
2024-07-05 04:08:13.064761,0.8,0.47
2024-07-05 04:08:13.078783,0.8,0.43
2024-07-05 04:08:13.187694,0.73,0.43
2024-07-05 04:08:13.201968,0.73,0.38
2024-07-05 04:08:13.311042,0.79,0.38
2024-07-05 04:08:13.325047,0.79,0.49
2024-07-05 04:08:13.448140,0.79,0.5
2024-07-05 04:08:13.556697,0.72,0.5
2024-07-05 04:08:13.570762,0.72,0.5
2024-07-05 04:08:13.679490,0.75,0.5
2024-07-05 04:08:13.693231,0.75,0.51
2024-07-05 04:08:14.049193,0.77,0.51
2024-07-05 04:08:14.062208,0.77,0.5
2024-07-05 04:08:14.172071,0.76,0.5
2024-07-05 04:08:14.185072,0.76,0.3
2024-07-05 04:08:14.294171,0.76,0.3
2024-07-05 04:08:14.308167,0.76,0.39
2024-07-05 04:08:14.417389,0.77,0.39
2024-07-05 04:08:14.432677,0.77,0.57
2024-07-05 04:08:14.541213,0.77,0.57
2024-07-05 04:08:14.554054,0.77,0.45
2024-07-05 04:08:14.663607,0.77,0.45
2024-07-05 04:08:14.677817,0.77,0.43
2024-07-05 04:08:14.786615,0.77,0.43
2024-07-05 04:08:14.801145,0.77,0.48
2024-07-05 04:08:14.909344,0.77,0.48
2024-07-05 04:08:14.923087,0.77,0.5
2024-07-05 04:08:15.032548,0.76,0.5
2024-07-05 04:08:15.046540,0.76,0.47
2024-07-05 04:08:15.155268,0.68,0.47
2024-07-05 04:08:15.169310,0.68,0.44
2024-07-05 04:08:15.278854,0.76,0.44
2024-07-05 04:08:15.292687,0.76,0.4
2024-07-05 04:08:15.400929,0.72,0.4
2024-07-05 04:08:15.415935,0.72,0.46
2024-07-05 04:08:15.524920,0.76,0.46
2024-07-05 04:08:15.537916,0.76,0.48
2024-07-05 04:08:15.648367,0.69,0.48
2024-07-05 04:08:15.661359,0.69,0.45
2024-07-05 04:08:15.770529,0.71,0.45
2024-07-05 04:08:15.784853,0.71,0.49
2024-07-05 04:08:15.894347,0.78,0.49
2024-07-05 04:08:15.907452,0.78,0.42
2024-07-05 04:08:16.016474,0.77,0.42
2024-07-05 04:08:16.030468,0.77,0.37
2024-07-05 04:08:16.139018,0.74,0.37
2024-07-05 04:08:16.153099,0.74,0.47
2024-07-05 04:08:16.263011,0.69,0.47
2024-07-05 04:08:16.276800,0.69,0.47
2024-07-05 04:08:16.631913,0.74,0.47
2024-07-05 04:08:16.878162,0.74,0.47
2024-07-05 04:08:16.891186,0.74,0.46
2024-07-05 04:08:17.000604,0.7,0.46
2024-07-05 04:08:17.015188,0.7,0.31
2024-07-05 04:08:17.123941,0.76,0.31
2024-07-05 04:08:17.136943,0.76,0.42
2024-07-05 04:08:17.246226,0.73,0.42
2024-07-05 04:08:17.260575,0.73,0.4
2024-07-05 04:08:17.370013,0.73,0.4
2024-07-05 04:08:17.384135,0.73,0.4
2024-07-05 04:08:17.616316,0.74,0.4
2024-07-05 04:08:17.630314,0.74,0.51
2024-07-05 04:08:17.739433,0.77,0.51
2024-07-05 04:08:17.752904,0.77,0.48
2024-07-05 04:08:17.861536,0.76,0.48
2024-07-05 04:08:17.875721,0.76,0.42
2024-07-05 04:08:17.984777,0.74,0.42
2024-07-05 04:08:17.999322,0.74,0.41
2024-07-05 04:08:18.107141,0.73,0.41
2024-07-05 04:08:18.121242,0.73,0.48
2024-07-05 04:08:18.230946,0.82,0.48
2024-07-05 04:08:18.244031,0.82,0.49
2024-07-05 04:08:18.353774,0.79,0.49
2024-07-05 04:08:18.367876,0.79,0.4
2024-07-05 04:08:18.476670,0.84,0.4
2024-07-05 04:08:18.490676,0.84,0.49
2024-07-05 04:08:18.600370,0.81,0.49
2024-07-05 04:08:18.613371,0.81,0.45
2024-07-05 04:08:18.722188,0.7,0.45
2024-07-05 04:08:18.736507,0.7,0.46
2024-07-05 04:08:18.845741,0.64,0.46
2024-07-05 04:08:18.859688,0.64,0.43
2024-07-05 04:08:19.215063,0.76,0.43
2024-07-05 04:08:19.228664,0.76,0.53
2024-07-05 04:08:19.338403,0.64,0.53
2024-07-05 04:08:19.351561,0.64,0.46
2024-07-05 04:08:19.461127,0.8,0.46
2024-07-05 04:08:19.474135,0.8,0.46
2024-07-05 04:08:19.583632,0.86,0.46
2024-07-05 04:08:19.598003,0.86,0.45
2024-07-05 04:08:19.707048,0.7,0.45
2024-07-05 04:08:19.721069,0.7,0.38
2024-07-05 04:08:19.829123,0.8,0.38
2024-07-05 04:08:19.843106,0.8,0.46
2024-07-05 04:08:19.952189,0.75,0.46
2024-07-05 04:08:20.198422,0.71,0.46
2024-07-05 04:08:20.211971,0.71,0.48
2024-07-05 04:08:20.321743,0.74,0.48
2024-07-05 04:08:20.335485,0.74,0.47
2024-07-05 04:08:20.445185,0.68,0.47
2024-07-05 04:08:20.459095,0.68,0.45
2024-07-05 04:08:20.567281,0.71,0.45
2024-07-05 04:08:20.581524,0.71,0.47
2024-07-05 04:08:20.691071,0.79,0.47
2024-07-05 04:08:20.704372,0.79,0.45
2024-07-05 04:08:20.814199,0.78,0.45
2024-07-05 04:08:20.827696,0.78,0.44
2024-07-05 04:08:20.937039,0.76,0.44
2024-07-05 04:08:20.951145,0.76,0.45
2024-07-05 04:08:21.059031,0.75,0.45
2024-07-05 04:08:21.073031,0.75,0.46
2024-07-05 04:08:21.183169,0.78,0.46
2024-07-05 04:08:21.195543,0.78,0.48
2024-07-05 04:08:21.305439,0.85,0.48
2024-07-05 04:08:21.319448,0.85,0.45
2024-07-05 04:08:21.428627,0.79,0.45
2024-07-05 04:08:21.442702,0.79,0.48
2024-07-05 04:08:21.798453,0.77,0.48
2024-07-05 04:08:21.811958,0.77,0.41
2024-07-05 04:08:21.920596,0.73,0.41
2024-07-05 04:08:21.934644,0.73,0.39
2024-07-05 04:08:22.044133,0.76,0.39
2024-07-05 04:08:22.057127,0.76,0.39
2024-07-05 04:08:22.167174,0.75,0.39
2024-07-05 04:08:22.181020,0.75,0.51
2024-07-05 04:08:22.290043,0.77,0.51
2024-07-05 04:08:22.303044,0.77,0.47
2024-07-05 04:08:22.412018,0.78,0.47
2024-07-05 04:08:22.425953,0.78,0.49
2024-07-05 04:08:22.536009,0.7,0.49
2024-07-05 04:08:22.549237,0.7,0.43
2024-07-05 04:08:22.658453,0.77,0.43
2024-07-05 04:08:22.672451,0.77,0.41
2024-07-05 04:08:22.781458,0.75,0.41
2024-07-05 04:08:22.795459,0.75,0.41
2024-07-05 04:08:22.903966,0.74,0.41
2024-07-05 04:08:22.918470,0.74,0.5
2024-07-05 04:08:23.027899,0.87,0.5
2024-07-05 04:08:23.042033,0.87,0.45
2024-07-05 04:08:23.150474,0.81,0.45
2024-07-05 04:08:23.164466,0.81,0.42
2024-07-05 04:08:23.273184,0.72,0.42
2024-07-05 04:08:23.288181,0.72,0.46
2024-07-05 04:08:23.397109,0.78,0.46
2024-07-05 04:08:23.410674,0.78,0.49
2024-07-05 04:08:23.519590,0.68,0.49
2024-07-05 04:08:23.533520,0.68,0.52
2024-07-05 04:08:23.642839,0.82,0.52
2024-07-05 04:08:23.655869,0.82,0.42
2024-07-05 04:08:23.765589,0.73,0.42
2024-07-05 04:08:23.779537,0.73,0.47
2024-07-05 04:08:23.888828,0.8,0.47
2024-07-05 04:08:23.902826,0.8,0.53
2024-07-05 04:08:24.011421,0.77,0.53
2024-07-05 04:08:24.025427,0.77,0.46
2024-07-05 04:08:24.381002,0.76,0.46
2024-07-05 04:08:24.394000,0.76,0.46
2024-07-05 04:08:24.503815,0.74,0.46
2024-07-05 04:08:24.517913,0.74,0.5
2024-07-05 04:08:24.626182,0.77,0.5
2024-07-05 04:08:24.640190,0.77,0.38
2024-07-05 04:08:24.749316,0.74,0.38
2024-07-05 04:08:24.763266,0.74,0.46
2024-07-05 04:08:24.871850,0.78,0.46
2024-07-05 04:08:24.886781,0.78,0.53
2024-07-05 04:08:24.996067,0.76,0.53
2024-07-05 04:08:25.009466,0.76,0.49
2024-07-05 04:08:25.117809,0.76,0.49
2024-07-05 04:08:25.132068,0.76,0.53
2024-07-05 04:08:25.241464,0.74,0.53
2024-07-05 04:08:25.254301,0.74,0.46
2024-07-05 04:08:25.365072,0.76,0.46
2024-07-05 04:08:25.379090,0.76,0.45
2024-07-05 04:08:25.488710,0.79,0.45
2024-07-05 04:08:25.500961,0.79,0.48
2024-07-05 04:08:25.610220,0.74,0.48
2024-07-05 04:08:25.624692,0.74,0.52
2024-07-05 04:08:25.733318,0.72,0.52
2024-07-05 04:08:25.747455,0.72,0.46
2024-07-05 04:08:25.856461,0.75,0.46
2024-07-05 04:08:25.870454,0.75,0.5
2024-07-05 04:08:25.980075,0.75,0.5
2024-07-05 04:08:25.994078,0.75,0.52
2024-07-05 04:08:26.102768,0.78,0.52
2024-07-05 04:08:26.116298,0.78,0.49
2024-07-05 04:08:26.225635,0.75,0.49
2024-07-05 04:08:26.238647,0.75,0.51
2024-07-05 04:08:26.349288,0.74,0.51
2024-07-05 04:08:26.362277,0.74,0.51
2024-07-05 04:08:26.471784,0.72,0.51
2024-07-05 04:08:26.484960,0.72,0.45
2024-07-05 04:08:26.594619,0.76,0.45
2024-07-05 04:08:26.607957,0.76,0.51
2024-07-05 04:08:26.963502,0.77,0.51
2024-07-05 04:08:26.977501,0.77,0.53
2024-07-05 04:08:27.086392,0.75,0.53
2024-07-05 04:08:27.100399,0.75,0.46
2024-07-05 04:08:27.209772,0.74,0.46
2024-07-05 04:08:27.223434,0.74,0.47
2024-07-05 04:08:27.332743,0.69,0.47
2024-07-05 04:08:27.346861,0.69,0.49
2024-07-05 04:08:27.455874,0.77,0.49
2024-07-05 04:08:27.469900,0.77,0.48
2024-07-05 04:08:27.578667,0.75,0.48
2024-07-05 04:08:27.592727,0.75,0.5
2024-07-05 04:08:27.701940,0.72,0.5
2024-07-05 04:08:27.715088,0.72,0.44
2024-07-05 04:08:27.825095,0.71,0.44
2024-07-05 04:08:27.838678,0.71,0.44
2024-07-05 04:08:27.947285,0.73,0.44
2024-07-05 04:08:27.961293,0.73,0.45
2024-07-05 04:08:28.070495,0.79,0.45
2024-07-05 04:08:28.084767,0.79,0.51
2024-07-05 04:08:28.194330,0.68,0.51
2024-07-05 04:08:28.207344,0.68,0.45
2024-07-05 04:08:28.316426,0.75,0.45
2024-07-05 04:08:28.330482,0.75,0.46
2024-07-05 04:08:28.439781,0.72,0.46
2024-07-05 04:08:28.453930,0.72,0.4
2024-07-05 04:08:28.562638,0.75,0.4
2024-07-05 04:08:28.576898,0.75,0.38
2024-07-05 04:08:28.685417,0.73,0.38
2024-07-05 04:08:28.699519,0.73,0.47
2024-07-05 04:08:28.822871,0.73,0.47
2024-07-05 04:08:28.945397,0.73,0.43
2024-07-05 04:08:29.054430,0.76,0.43
2024-07-05 04:08:29.068367,0.76,0.46
2024-07-05 04:08:29.177249,0.69,0.46
2024-07-05 04:08:29.191240,0.69,0.46
2024-07-05 04:08:29.547032,0.72,0.46
2024-07-05 04:08:29.560281,0.72,0.41
2024-07-05 04:08:29.669512,0.76,0.41
2024-07-05 04:08:29.683688,0.76,0.47
2024-07-05 04:08:29.792580,0.67,0.47
2024-07-05 04:08:29.805589,0.67,0.49
2024-07-05 04:08:29.915549,0.76,0.49
2024-07-05 04:08:29.928782,0.76,0.51
2024-07-05 04:08:30.038965,0.78,0.51
2024-07-05 04:08:30.052295,0.78,0.4
2024-07-05 04:08:30.161784,0.77,0.4
2024-07-05 04:08:30.175783,0.77,0.46
2024-07-05 04:08:30.284026,0.79,0.46
2024-07-05 04:08:30.298057,0.79,0.46
2024-07-05 04:08:30.406786,0.78,0.46
2024-07-05 04:08:30.420415,0.78,0.47
2024-07-05 04:08:30.531068,0.73,0.47
2024-07-05 04:08:30.544014,0.73,0.48
2024-07-05 04:08:30.653514,0.76,0.48
2024-07-05 04:08:30.667491,0.76,0.43
2024-07-05 04:08:30.776244,0.78,0.43
2024-07-05 04:08:30.790255,0.78,0.52
2024-07-05 04:08:30.899278,0.8,0.52
2024-07-05 04:08:30.913354,0.8,0.39
2024-07-05 04:08:31.022783,0.79,0.39
2024-07-05 04:08:31.036621,0.79,0.42
2024-07-05 04:08:31.145147,0.79,0.42
2024-07-05 04:08:31.159272,0.79,0.41
2024-07-05 04:08:31.282927,0.79,0.49
2024-07-05 04:08:31.405668,0.79,0.5
2024-07-05 04:08:31.515011,0.8,0.5
2024-07-05 04:08:31.528538,0.8,0.42
2024-07-05 04:08:31.637299,0.74,0.42
2024-07-05 04:08:31.651305,0.74,0.49
2024-07-05 04:08:31.760536,0.82,0.49
2024-07-05 04:08:31.774509,0.82,0.43
2024-07-05 04:08:32.129612,0.8,0.43
2024-07-05 04:08:32.143633,0.8,0.45
2024-07-05 04:08:32.252740,0.76,0.45
2024-07-05 04:08:32.265481,0.76,0.49
2024-07-05 04:08:32.375560,0.79,0.49
2024-07-05 04:08:32.389537,0.79,0.44
2024-07-05 04:08:32.498368,0.77,0.44
2024-07-05 04:08:32.512991,0.77,0.51
2024-07-05 04:08:32.622150,0.75,0.51
2024-07-05 04:08:32.635345,0.75,0.5
2024-07-05 04:08:32.744915,0.78,0.5
2024-07-05 04:08:32.758433,0.78,0.5
2024-07-05 04:08:32.867282,0.76,0.5
2024-07-05 04:08:32.881873,0.76,0.52
2024-07-05 04:08:32.990499,0.77,0.52
2024-07-05 04:08:33.004058,0.77,0.46
2024-07-05 04:08:33.112993,0.78,0.46
2024-07-05 04:08:33.126747,0.78,0.5
2024-07-05 04:08:33.236343,0.74,0.5
2024-07-05 04:08:33.250284,0.74,0.44
2024-07-05 04:08:33.359752,0.73,0.44
2024-07-05 04:08:33.373853,0.73,0.51
2024-07-05 04:08:33.483098,0.79,0.51
2024-07-05 04:08:33.496294,0.79,0.47
2024-07-05 04:08:33.604608,0.77,0.47
2024-07-05 04:08:33.619542,0.77,0.49
2024-07-05 04:08:33.728297,0.78,0.49
2024-07-05 04:08:33.742235,0.78,0.47
2024-07-05 04:08:33.851558,0.75,0.47
2024-07-05 04:08:33.864865,0.75,0.48
2024-07-05 04:08:33.974655,0.77,0.48
2024-07-05 04:08:33.988092,0.77,0.48
2024-07-05 04:08:34.097179,0.8,0.48
2024-07-05 04:08:34.111192,0.8,0.5
2024-07-05 04:08:34.220581,0.73,0.5
2024-07-05 04:08:34.234552,0.73,0.51
2024-07-05 04:08:34.342974,0.68,0.51
2024-07-05 04:08:34.357304,0.68,0.47
2024-07-05 04:08:34.712285,0.74,0.47
2024-07-05 04:08:34.726619,0.74,0.46
2024-07-05 04:08:34.835800,0.78,0.46
2024-07-05 04:08:34.849834,0.78,0.46
2024-07-05 04:08:34.958460,0.79,0.46
2024-07-05 04:08:34.972232,0.79,0.49
2024-07-05 04:08:35.081604,0.71,0.49
2024-07-05 04:08:35.094902,0.71,0.38
2024-07-05 04:08:35.204268,0.77,0.38
2024-07-05 04:08:35.218327,0.77,0.47
2024-07-05 04:08:35.327315,0.67,0.47
2024-07-05 04:08:35.340900,0.67,0.38
2024-07-05 04:08:35.449743,0.81,0.38
2024-07-05 04:08:35.463853,0.81,0.38
2024-07-05 04:08:35.573065,0.72,0.38
2024-07-05 04:08:35.587166,0.72,0.5
2024-07-05 04:08:35.696509,0.74,0.5
2024-07-05 04:08:35.709519,0.74,0.48
2024-07-05 04:08:35.819330,0.75,0.48
2024-07-05 04:08:35.832837,0.75,0.45
2024-07-05 04:08:35.941873,0.76,0.45
2024-07-05 04:08:35.955868,0.76,0.54
2024-07-05 04:08:36.065278,0.72,0.54
2024-07-05 04:08:36.078886,0.72,0.46
2024-07-05 04:08:36.188387,0.68,0.46
2024-07-05 04:08:36.202391,0.68,0.45
2024-07-05 04:08:36.311085,0.73,0.45
2024-07-05 04:08:36.324804,0.73,0.46
2024-07-05 04:08:36.434381,0.75,0.46
2024-07-05 04:08:36.448381,0.75,0.46
2024-07-05 04:08:36.557121,0.82,0.46
2024-07-05 04:08:36.571132,0.82,0.53
2024-07-05 04:08:36.679653,0.82,0.53
2024-07-05 04:08:36.693586,0.82,0.51
2024-07-05 04:08:36.802828,0.78,0.51
2024-07-05 04:08:36.816895,0.78,0.5
2024-07-05 04:08:36.940035,0.78,0.47
2024-07-05 04:08:37.294336,0.81,0.47
2024-07-05 04:08:37.309297,0.81,0.44
2024-07-05 04:08:37.417942,0.73,0.44
2024-07-05 04:08:37.431569,0.73,0.46
2024-07-05 04:08:37.541180,0.64,0.46
2024-07-05 04:08:37.555183,0.64,0.36
2024-07-05 04:08:37.664340,0.7,0.36
2024-07-05 04:08:37.678276,0.7,0.42
2024-07-05 04:08:37.786890,0.75,0.42
2024-07-05 04:08:37.800865,0.75,0.51
2024-07-05 04:08:37.910504,0.67,0.51
2024-07-05 04:08:37.923546,0.67,0.51
2024-07-05 04:08:38.032588,0.72,0.51
2024-07-05 04:08:38.046705,0.72,0.44
2024-07-05 04:08:38.156127,0.77,0.44
2024-07-05 04:08:38.170188,0.77,0.46
2024-07-05 04:08:38.278718,0.73,0.46
2024-07-05 04:08:38.292713,0.73,0.42
2024-07-05 04:08:38.401580,0.76,0.42
2024-07-05 04:08:38.415752,0.76,0.43
2024-07-05 04:08:38.525176,0.71,0.43
2024-07-05 04:08:38.539226,0.71,0.52
2024-07-05 04:08:38.647691,0.77,0.52
2024-07-05 04:08:38.661641,0.77,0.43
2024-07-05 04:08:38.771162,0.77,0.43
2024-07-05 04:08:38.785167,0.77,0.43
2024-07-05 04:08:38.893701,0.75,0.43
2024-07-05 04:08:38.907698,0.75,0.48
2024-07-05 04:08:39.017334,0.81,0.48
2024-07-05 04:08:39.031065,0.81,0.52
2024-07-05 04:08:39.140391,0.76,0.52
2024-07-05 04:08:39.153389,0.76,0.45
2024-07-05 04:08:39.262627,0.77,0.45
2024-07-05 04:08:39.277628,0.77,0.39
2024-07-05 04:08:39.386320,0.76,0.39
2024-07-05 04:08:39.399251,0.76,0.45
2024-07-05 04:08:39.508819,0.76,0.45
2024-07-05 04:08:39.522879,0.76,0.44
2024-07-05 04:08:39.878006,0.76,0.44
2024-07-05 04:08:39.892010,0.76,0.4
2024-07-05 04:08:40.000744,0.81,0.4
2024-07-05 04:08:40.014785,0.81,0.5
2024-07-05 04:08:40.124120,0.75,0.5
2024-07-05 04:08:40.137786,0.75,0.5
2024-07-05 04:08:40.247212,0.77,0.5
2024-07-05 04:08:40.261300,0.77,0.55
2024-07-05 04:08:40.369915,0.7,0.55
2024-07-05 04:08:40.383895,0.7,0.38
2024-07-05 04:08:40.493474,0.74,0.38
2024-07-05 04:08:40.507426,0.74,0.42
2024-07-05 04:08:40.615583,0.73,0.42
2024-07-05 04:08:40.629841,0.73,0.36
2024-07-05 04:08:40.738317,0.8,0.36
2024-07-05 04:08:40.752317,0.8,0.48
2024-07-05 04:08:40.861853,0.71,0.48
2024-07-05 04:08:40.875885,0.71,0.46
2024-07-05 04:08:40.985375,0.74,0.46
2024-07-05 04:08:40.999376,0.74,0.44
2024-07-05 04:08:41.108211,0.74,0.44
2024-07-05 04:08:41.122221,0.74,0.52
2024-07-05 04:08:41.230988,0.76,0.52
2024-07-05 04:08:41.244976,0.76,0.53
2024-07-05 04:08:41.353903,0.71,0.53
2024-07-05 04:08:41.367904,0.71,0.52
2024-07-05 04:08:41.476474,0.74,0.52
2024-07-05 04:08:41.490519,0.74,0.51
2024-07-05 04:08:41.600084,0.76,0.51
2024-07-05 04:08:41.614194,0.76,0.53
2024-07-05 04:08:41.722936,0.73,0.53
2024-07-05 04:08:41.737031,0.73,0.5
2024-07-05 04:08:41.846617,0.73,0.5
2024-07-05 04:08:41.859611,0.73,0.53
2024-07-05 04:08:41.969326,0.74,0.53
2024-07-05 04:08:41.983334,0.74,0.55
2024-07-05 04:08:42.091779,0.75,0.55
2024-07-05 04:08:42.106097,0.75,0.53
2024-07-05 04:08:42.461864,0.73,0.53
2024-07-05 04:08:42.475156,0.73,0.49
2024-07-05 04:08:42.584592,0.71,0.49
2024-07-05 04:08:42.598877,0.71,0.55
2024-07-05 04:08:42.707004,0.76,0.55
2024-07-05 04:08:42.721010,0.76,0.42
2024-07-05 04:08:42.829897,0.67,0.42
2024-07-05 04:08:42.843903,0.67,0.58
2024-07-05 04:08:42.953345,0.71,0.58
2024-07-05 04:08:42.966347,0.71,0.42
2024-07-05 04:08:43.076794,0.71,0.42
2024-07-05 04:08:43.089986,0.71,0.4
2024-07-05 04:08:43.199098,0.71,0.4
2024-07-05 04:08:43.212626,0.71,0.51
2024-07-05 04:08:43.322211,0.71,0.51
2024-07-05 04:08:43.336261,0.71,0.4
2024-07-05 04:08:43.446013,0.76,0.4
2024-07-05 04:08:43.459117,0.76,0.49
2024-07-05 04:08:43.568319,0.78,0.49
2024-07-05 04:08:43.581821,0.78,0.49
2024-07-05 04:08:43.690814,0.75,0.49
2024-07-05 04:08:43.704656,0.75,0.47
2024-07-05 04:08:43.814033,0.77,0.47
2024-07-05 04:08:43.828072,0.77,0.51
2024-07-05 04:08:43.936970,0.76,0.51
2024-07-05 04:08:43.950995,0.76,0.52
2024-07-05 04:08:44.060233,0.78,0.52
2024-07-05 04:08:44.074233,0.78,0.53
2024-07-05 04:08:44.183453,0.76,0.53
2024-07-05 04:08:44.196470,0.76,0.53
2024-07-05 04:08:44.306633,0.75,0.53
2024-07-05 04:08:44.319804,0.75,0.49
2024-07-05 04:08:44.429038,0.77,0.49
2024-07-05 04:08:44.442573,0.77,0.53
2024-07-05 04:08:44.552532,0.74,0.53
2024-07-05 04:08:44.565498,0.74,0.49
2024-07-05 04:08:44.675049,0.79,0.49
2024-07-05 04:08:44.689066,0.79,0.49
2024-07-05 04:08:45.044436,0.78,0.49
2024-07-05 04:08:45.058449,0.78,0.41
2024-07-05 04:08:45.167754,0.76,0.41
2024-07-05 04:08:45.180759,0.76,0.46
2024-07-05 04:08:45.289850,0.78,0.46
2024-07-05 04:08:45.303913,0.78,0.46
2024-07-05 04:08:45.413440,0.69,0.46
2024-07-05 04:08:45.426621,0.69,0.5
2024-07-05 04:08:45.536644,0.75,0.5
2024-07-05 04:08:45.549605,0.75,0.44
2024-07-05 04:08:45.659513,0.65,0.44
2024-07-05 04:08:45.673654,0.65,0.57
2024-07-05 04:08:45.781965,0.74,0.57
2024-07-05 04:08:45.796528,0.74,0.43
2024-07-05 04:08:45.905774,0.71,0.43
2024-07-05 04:08:45.918807,0.71,0.56
2024-07-05 04:08:46.028514,0.78,0.56
2024-07-05 04:08:46.042029,0.78,0.44
2024-07-05 04:08:46.150964,0.76,0.44
2024-07-05 04:08:46.165142,0.76,0.48
2024-07-05 04:08:46.274734,0.76,0.48
2024-07-05 04:08:46.287984,0.76,0.5
2024-07-05 04:08:46.397896,0.74,0.5
2024-07-05 04:08:46.410894,0.74,0.53
2024-07-05 04:08:46.520443,0.74,0.53
2024-07-05 04:08:46.534136,0.74,0.5
2024-07-05 04:08:46.643381,0.72,0.5
2024-07-05 04:08:46.657778,0.72,0.49
2024-07-05 04:08:46.766351,0.74,0.49
2024-07-05 04:08:46.780392,0.74,0.52
2024-07-05 04:08:46.889532,0.76,0.52
2024-07-05 04:08:46.902542,0.76,0.53
2024-07-05 04:08:47.012160,0.73,0.53
2024-07-05 04:08:47.025276,0.73,0.51
2024-07-05 04:08:47.134765,0.76,0.51
2024-07-05 04:08:47.148781,0.76,0.53
2024-07-05 04:08:47.258391,0.75,0.53
2024-07-05 04:08:47.272289,0.75,0.51
2024-07-05 04:08:47.627976,0.74,0.51
2024-07-05 04:08:47.641420,0.74,0.53
2024-07-05 04:08:47.750760,0.7,0.53
2024-07-05 04:08:47.764515,0.7,0.48
2024-07-05 04:08:47.873304,0.75,0.48
2024-07-05 04:08:47.887441,0.75,0.52
2024-07-05 04:08:47.995508,0.74,0.52
2024-07-05 04:08:48.009745,0.74,0.53
2024-07-05 04:08:48.119151,0.73,0.53
2024-07-05 04:08:48.133507,0.73,0.53
2024-07-05 04:08:48.241861,0.76,0.53
2024-07-05 04:08:48.256458,0.76,0.52
2024-07-05 04:08:48.365362,0.76,0.52
2024-07-05 04:08:48.379683,0.76,0.5
2024-07-05 04:08:48.488404,0.73,0.5
2024-07-05 04:08:48.502524,0.73,0.44
2024-07-05 04:08:48.611833,0.7,0.44
2024-07-05 04:08:48.624924,0.7,0.5
2024-07-05 04:08:48.734420,0.76,0.5
2024-07-05 04:08:48.748008,0.76,0.5
2024-07-05 04:08:48.857059,0.76,0.5
2024-07-05 04:08:48.870239,0.76,0.53
2024-07-05 04:08:49.102445,0.76,0.53
2024-07-05 04:08:49.117436,0.76,0.55
2024-07-05 04:08:49.225239,0.71,0.55
2024-07-05 04:08:49.239230,0.71,0.45
2024-07-05 04:08:49.349324,0.76,0.45
2024-07-05 04:08:49.363321,0.76,0.43
2024-07-05 04:08:49.471777,0.74,0.43
2024-07-05 04:08:49.485981,0.74,0.45
2024-07-05 04:08:49.595770,0.76,0.45
2024-07-05 04:08:49.609126,0.76,0.48
2024-07-05 04:08:49.718613,0.75,0.48
2024-07-05 04:08:49.732610,0.75,0.47
2024-07-05 04:08:49.840787,0.73,0.47
2024-07-05 04:08:49.855183,0.73,0.48
2024-07-05 04:08:50.210096,0.72,0.48
2024-07-05 04:08:50.224093,0.72,0.52
2024-07-05 04:08:50.333047,0.75,0.52
2024-07-05 04:08:50.347574,0.75,0.45
2024-07-05 04:08:50.455679,0.76,0.45
2024-07-05 04:08:50.469819,0.76,0.47
2024-07-05 04:08:50.579193,0.76,0.47
2024-07-05 04:08:50.593227,0.76,0.46
2024-07-05 04:08:50.702459,0.74,0.46
2024-07-05 04:08:50.716590,0.74,0.52
2024-07-05 04:08:50.825092,0.74,0.52
2024-07-05 04:08:50.838602,0.74,0.5
2024-07-05 04:08:50.947938,0.76,0.5
2024-07-05 04:08:50.962264,0.76,0.48
2024-07-05 04:08:51.070762,0.76,0.48
2024-07-05 04:08:51.085723,0.76,0.53
2024-07-05 04:08:51.193485,0.76,0.53
2024-07-05 04:08:51.207486,0.76,0.49
2024-07-05 04:08:51.439495,0.73,0.49
2024-07-05 04:08:51.453890,0.73,0.52
2024-07-05 04:08:51.563572,0.77,0.52
2024-07-05 04:08:51.576520,0.77,0.51
2024-07-05 04:08:51.685822,0.78,0.51
2024-07-05 04:08:51.700084,0.78,0.51
2024-07-05 04:08:51.809221,0.76,0.51
2024-07-05 04:08:51.823435,0.76,0.51
2024-07-05 04:08:51.932126,0.8,0.51
2024-07-05 04:08:51.946283,0.8,0.52
2024-07-05 04:08:52.055523,0.78,0.52
2024-07-05 04:08:52.068987,0.78,0.52
2024-07-05 04:08:52.177908,0.79,0.52
2024-07-05 04:08:52.191901,0.79,0.49
2024-07-05 04:08:52.300431,0.77,0.49
2024-07-05 04:08:52.314769,0.77,0.5
2024-07-05 04:08:52.424201,0.76,0.5
2024-07-05 04:08:52.438529,0.76,0.54
2024-07-05 04:08:52.792725,0.76,0.54
2024-07-05 04:08:52.806881,0.76,0.52
2024-07-05 04:08:52.915951,0.68,0.52
2024-07-05 04:08:52.929186,0.68,0.54
2024-07-05 04:08:53.039365,0.76,0.54
2024-07-05 04:08:53.052896,0.76,0.51
2024-07-05 04:08:53.161990,0.73,0.51
2024-07-05 04:08:53.176044,0.73,0.44
2024-07-05 04:08:53.285060,0.79,0.44
2024-07-05 04:08:53.298169,0.79,0.5
2024-07-05 04:08:53.408733,0.82,0.5
2024-07-05 04:08:53.422540,0.82,0.46
2024-07-05 04:08:53.531607,0.79,0.46
2024-07-05 04:08:53.545089,0.79,0.46
2024-07-05 04:08:53.653594,0.78,0.46
2024-07-05 04:08:53.667668,0.78,0.46
2024-07-05 04:08:53.777086,0.78,0.46
2024-07-05 04:08:53.791081,0.78,0.49
2024-07-05 04:08:53.900415,0.77,0.49
2024-07-05 04:08:53.913036,0.77,0.38
2024-07-05 04:08:54.022455,0.68,0.38
2024-07-05 04:08:54.036492,0.68,0.39
2024-07-05 04:08:54.146252,0.74,0.39
2024-07-05 04:08:54.159675,0.74,0.53
2024-07-05 04:08:54.268661,0.73,0.53
2024-07-05 04:08:54.282821,0.73,0.43
2024-07-05 04:08:54.391529,0.73,0.43
2024-07-05 04:08:54.405527,0.73,0.41
2024-07-05 04:08:54.515595,0.71,0.41
2024-07-05 04:08:54.528595,0.71,0.62
2024-07-05 04:08:54.638471,0.73,0.62
2024-07-05 04:08:54.651983,0.73,0.66
2024-07-05 04:08:54.760475,0.71,0.66
2024-07-05 04:08:54.774455,0.71,0.67
2024-07-05 04:08:54.884308,0.76,0.67
2024-07-05 04:08:54.897884,0.76,0.64
2024-07-05 04:08:55.007447,0.7,0.64
2024-07-05 04:08:55.021278,0.7,0.61
2024-07-05 04:08:55.375353,0.72,0.61
2024-07-05 04:08:55.389353,0.72,0.59
2024-07-05 04:08:55.498288,0.64,0.59
2024-07-05 04:08:55.512286,0.64,0.62
2024-07-05 04:08:55.622197,0.74,0.62
2024-07-05 04:08:55.635198,0.74,0.68
2024-07-05 04:08:55.743546,0.72,0.68
2024-07-05 04:08:55.758063,0.72,0.61
2024-07-05 04:08:55.867345,0.64,0.61
2024-07-05 04:08:55.881346,0.64,0.7
2024-07-05 04:08:55.990965,0.68,0.7
2024-07-05 04:08:56.005302,0.68,0.66
2024-07-05 04:08:56.113622,0.69,0.66
2024-07-05 04:08:56.127368,0.69,0.66
2024-07-05 04:08:56.236631,0.68,0.66
2024-07-05 04:08:56.250914,0.68,0.65
2024-07-05 04:08:56.359634,0.66,0.65
2024-07-05 04:08:56.373634,0.66,0.6
2024-07-05 04:08:56.482980,0.68,0.6
2024-07-05 04:08:56.497196,0.68,0.68
2024-07-05 04:08:56.606448,0.73,0.68
2024-07-05 04:08:56.620579,0.73,0.65
2024-07-05 04:08:56.728927,0.64,0.65
2024-07-05 04:08:56.742947,0.64,0.65
2024-07-05 04:08:56.851966,0.71,0.65
2024-07-05 04:08:56.865956,0.71,0.68
2024-07-05 04:08:56.974046,0.78,0.68
2024-07-05 04:08:56.988044,0.78,0.67
2024-07-05 04:08:57.097678,0.73,0.67
2024-07-05 04:08:57.111819,0.73,0.58
2024-07-05 04:08:57.221900,0.78,0.58
2024-07-05 04:08:57.234921,0.78,0.69
2024-07-05 04:08:57.344654,0.73,0.69
2024-07-05 04:08:57.357476,0.73,0.7
2024-07-05 04:08:57.467564,0.75,0.7
2024-07-05 04:08:57.480715,0.75,0.63
2024-07-05 04:08:57.590550,0.74,0.63
2024-07-05 04:08:57.603543,0.74,0.58
2024-07-05 04:08:57.959159,0.69,0.58
2024-07-05 04:08:57.973544,0.69,0.63
2024-07-05 04:08:58.082402,0.69,0.63
2024-07-05 04:08:58.095580,0.69,0.67
2024-07-05 04:08:58.204550,0.75,0.67
2024-07-05 04:08:58.218439,0.75,0.64
2024-07-05 04:08:58.327579,0.72,0.64
2024-07-05 04:08:58.341652,0.72,0.6
2024-07-05 04:08:58.451158,0.66,0.6
2024-07-05 04:08:58.465454,0.66,0.61
2024-07-05 04:08:58.573978,0.67,0.61
2024-07-05 04:08:58.587695,0.67,0.59
2024-07-05 04:08:58.696255,0.7,0.59
2024-07-05 04:08:58.710357,0.7,0.68
2024-07-05 04:08:58.819376,0.69,0.68
2024-07-05 04:08:58.833369,0.69,0.66
2024-07-05 04:08:58.943374,0.68,0.66
2024-07-05 04:08:58.956912,0.68,0.64
2024-07-05 04:08:59.065674,0.76,0.64
2024-07-05 04:08:59.079705,0.76,0.62
2024-07-05 04:08:59.188597,0.7,0.62
2024-07-05 04:08:59.202593,0.7,0.59
2024-07-05 04:08:59.311589,0.72,0.59
2024-07-05 04:08:59.325596,0.72,0.59
2024-07-05 04:08:59.434396,0.68,0.59
2024-07-05 04:08:59.448401,0.68,0.63
2024-07-05 04:08:59.556850,0.71,0.63
2024-07-05 04:08:59.571371,0.71,0.59
2024-07-05 04:08:59.679790,0.63,0.59
2024-07-05 04:08:59.694377,0.63,0.57
2024-07-05 04:08:59.804616,0.68,0.57
2024-07-05 04:08:59.817571,0.68,0.57
2024-07-05 04:08:59.927579,0.62,0.57
2024-07-05 04:08:59.940595,0.62,0.59
2024-07-05 04:09:00.049154,0.7,0.59
2024-07-05 04:09:00.063723,0.7,0.58
2024-07-05 04:09:00.173072,0.69,0.58
2024-07-05 04:09:00.187365,0.69,0.56
2024-07-05 04:09:00.541178,0.74,0.56
